Name,Mean,MeanLB,MeanUB,Stddev,StddevLB,StddevUB
"Gamma.model/importance/monad-bayes sampler/1024",5.103432308621797e-3,5.082853482709452e-3,5.124225923489092e-3,8.835911673715057e-5,7.498075337740792e-5,1.0505523502895564e-4
"Gamma.model/importance/monad-bayes sampler/8064",3.989891012420126e-2,3.971523744815516e-2,4.0065510180732934e-2,5.298149462793849e-4,4.231960523044902e-4,6.829246469285329e-4
"Gamma.model/importance/monad-bayes sampler/15104",7.397994232664694e-2,7.364324480599749e-2,7.434256730575818e-2,9.433246386020105e-4,7.911184031884317e-4,1.144269865978115e-3
"Gamma.model/importance/monad-bayes sampler/22144",0.1076745434573637,0.10704375921029997,0.10821785751906489,1.406930396902625e-3,1.133886145895849e-3,1.8158444858774256e-3
"Gamma.model/importance/monad-bayes sampler/29184",0.14251304112008523,0.14167869811501274,0.14330502899717393,1.904303601481916e-3,1.4862188384211312e-3,2.55323618505147e-3
"Gamma.model/importance/monad-bayes sampler/36224",0.17976354210331613,0.17842049391022669,0.18240746800959562,3.8069324302831544e-3,2.1401414361755565e-3,6.333857700729096e-3
"Gamma.model/importance/monad-bayes sampler/43264",0.21439399552445262,0.21215396795540506,0.216374880741849,4.406015697480459e-3,3.2119527034627855e-3,6.054621708770765e-3
"Gamma.model/importance/monad-bayes sampler/50304",0.24341575191852302,0.2423856236653426,0.24500965332622224,2.6483762795954362e-3,1.6931931513298124e-3,3.794166767347353e-3
"Gamma.model/importance/monad-bayes sampler/57344",0.2864641885270411,0.2848447146996891,0.28845273081889283,3.463521853797958e-3,2.846162511026841e-3,4.37247098592166e-3
"Gamma.model/importance/monad-bayes sampler/64384",0.3181299705733666,0.3167218275024689,0.31931823981349716,2.3016950754264592e-3,1.5709481407979822e-3,3.816583456333387e-3
"Gamma.model/importance/random-fu sampler/1024",7.377599987277058e-3,7.358202521875871e-3,7.39623092974828e-3,8.00217019570256e-5,6.983216138021291e-5,9.957504783433592e-5
"Gamma.model/importance/random-fu sampler/8064",5.979841044587424e-2,5.9630641241398205e-2,5.992851381286587e-2,4.184677312820631e-4,3.413678319792238e-4,5.497320337760853e-4
"Gamma.model/importance/random-fu sampler/15104",0.11248710761828143,0.11200056162618048,0.11307746944053118,1.2246841978814536e-3,8.868148287989598e-4,1.9027780292938895e-3
"Gamma.model/importance/random-fu sampler/22144",0.16448446606618822,0.16278313636305608,0.1657730393558798,3.174343823037109e-3,2.1388679227636806e-3,4.723067415456479e-3
"Gamma.model/importance/random-fu sampler/29184",0.2171569975943629,0.21597066068714094,0.21830242905743194,2.4033495627358652e-3,1.8454734590314765e-3,3.250770218720468e-3
"Gamma.model/importance/random-fu sampler/36224",0.2726390587566901,0.271374070224202,0.2756254754157055,3.538867490928023e-3,1.5756461711044837e-3,6.16755829403251e-3
"Gamma.model/importance/random-fu sampler/43264",0.321727264776083,0.32031375134160683,0.32449096082699597,3.473939961887501e-3,2.0568414974240752e-3,5.462371089594561e-3
"Gamma.model/importance/random-fu sampler/50304",0.3750508564196479,0.3725285938032083,0.3783200554586712,5.11725117160294e-3,2.5742611611699238e-3,8.451750667259979e-3
"Gamma.model/importance/random-fu sampler/57344",0.4269662439556658,0.4239863633859867,0.4294334157814326,4.637431938289282e-3,3.3219056264922747e-3,6.7030107387773975e-3
"Gamma.model/importance/random-fu sampler/64384",0.4858081650192514,0.48223467808147014,0.48815809660884657,4.357365850726051e-3,2.787821543606881e-3,6.667286591661691e-3
"Gamma.model/smc/monad-bayes sampler/1024",0.11629984463994256,0.11585537589976402,0.11698407232488217,1.334470859212311e-3,8.863710142581716e-4,2.4305024909908116e-3
"Gamma.model/smc/monad-bayes sampler/8064",0.905733834036304,0.9037064762866663,0.907622049021593,2.7227709362797783e-3,2.0007704527383132e-3,3.720424052255675e-3
"Gamma.model/smc/monad-bayes sampler/15104",1.7033799513332926,1.7012426544465828,1.7050145291299323,2.2300529771353997e-3,6.306941171616482e-4,2.7330808111369793e-3
"Gamma.model/smc/monad-bayes sampler/22144",2.494767058234394,2.4866078533547857,2.5017348251853733,1.118047031180176e-2,0.0,1.2068526374395623e-2
"Gamma.model/smc/monad-bayes sampler/29184",3.2839668400119155,3.2787910883550517,3.286712798718213,4.507351292789909e-3,0.0,4.75613999479407e-3
"Gamma.model/smc/monad-bayes sampler/36224",4.07997938523448,4.0737657952098845,4.084892332282941,7.636503934719073e-3,0.0,8.50947390283157e-3
"Gamma.model/smc/monad-bayes sampler/43264",4.876525762261045,4.872040600207957,4.879302812559829,4.202192952324232e-3,0.0,4.809992212667933e-3
"Gamma.model/smc/monad-bayes sampler/50304",5.682744840287259,5.674493470205026,5.6873503215031995,7.2894218220557055e-3,0.0,7.976927459314786e-3
"Gamma.model/smc/monad-bayes sampler/57344",6.469885994927323,6.456666423707621,6.47792001255898,1.2219808881158221e-2,0.0,1.391532672693521e-2
"Gamma.model/smc/monad-bayes sampler/64384",7.246597334678192,7.233149425471864,7.258842420305526,2.0247979815049437e-2,0.0,2.1209110449572924e-2
"Gamma.model/smc/random-fu sampler/1024",8.512391984181822e-2,8.48854891082203e-2,8.537661374288487e-2,6.592065820905434e-4,5.156310732125989e-4,8.944292861843373e-4
"Gamma.model/smc/random-fu sampler/8064",0.6669595161256385,0.6648215438295801,0.6692420389251058,3.3124457482887125e-3,2.2367099873579145e-3,4.788929561046617e-3
"Gamma.model/smc/random-fu sampler/15104",1.2445340803907965,1.2397687556478307,1.248523023561574,6.045559998196064e-3,4.741658938275635e-3,7.236955479301628e-3
"Gamma.model/smc/random-fu sampler/22144",1.815784593079575,1.8123063793994276,1.8176897497231892,3.326034613191037e-3,9.483326902067768e-4,4.3997708041556925e-3
"Gamma.model/smc/random-fu sampler/29184",2.3958084606227175,2.3935089478552123,2.3974540054069,2.485573267467737e-3,0.0,2.850167172334654e-3
"Gamma.model/smc/random-fu sampler/36224",2.969557830566997,2.964756189855239,2.972706870184315,4.725495075894681e-3,0.0,5.454296612242181e-3
"Gamma.model/smc/random-fu sampler/43264",3.549583160011346,3.53852991147227,3.558791812256922,1.4616658222620755e-2,0.0,1.594985355857142e-2
"Gamma.model/smc/random-fu sampler/50304",4.112223388538362,4.1064142418044325,4.117509763505807,8.73878991100703e-3,0.0,9.156270031475771e-3
"Gamma.model/smc/random-fu sampler/57344",4.6875330992327155,4.684238961137096,4.69054441763814,4.9888972862259144e-3,0.0,5.215756475961621e-3
"Gamma.model/smc/random-fu sampler/64384",5.2674655123712375,5.257297404804929,5.273376913004397,9.148952612290802e-3,0.0,1.023884624052702e-2
"Gamma.model/mh by time/monad-bayes sampler/1024",2.9121968465311142e-2,2.9045331000833237e-2,2.92045818648127e-2,2.567598319958516e-4,2.1915877166804552e-4,3.23974647487522e-4
"Gamma.model/mh by time/monad-bayes sampler/8064",0.22903003010190132,0.22848696215906744,0.22975155103456438,1.202675410185364e-3,7.835417142203184e-4,1.671109408032126e-3
"Gamma.model/mh by time/monad-bayes sampler/15104",0.4295501406083086,0.4278859451752711,0.43322434360407225,4.017232065266357e-3,1.5685720339510777e-3,6.468257327762643e-3
"Gamma.model/mh by time/monad-bayes sampler/22144",0.6310856998889002,0.6295542077645787,0.6325108888689976,2.316018969459988e-3,1.840914184816127e-3,3.011613513681598e-3
"Gamma.model/mh by time/monad-bayes sampler/29184",0.8321993960667614,0.8311123414404319,0.8336855965562079,1.8365835687369208e-3,1.2740586923102241e-3,2.4572135910805623e-3
"Gamma.model/mh by time/monad-bayes sampler/36224",1.0332656817903714,1.0305019318535542,1.034947836678633,2.8218393783083166e-3,1.4588005091405478e-3,4.043507883263562e-3
"Gamma.model/mh by time/monad-bayes sampler/43264",1.2384087058435567,1.2340291769738654,1.2448220971219683,6.981590985417438e-3,3.4744226793123403e-3,9.496628118680473e-3
"Gamma.model/mh by time/monad-bayes sampler/50304",1.4375833602296604,1.4340306747808957,1.4432865781114472,5.386947214666963e-3,2.7074884860170384e-4,6.720883182894428e-3
"Gamma.model/mh by time/monad-bayes sampler/57344",1.6425923361041643,1.6391827596627595,1.648300316377026,5.5456286892767714e-3,5.193236966798282e-4,7.354755808390904e-3
"Gamma.model/mh by time/monad-bayes sampler/64384",1.8378949809043408,1.8355441872390441,1.8398795159422499,2.5977237804234443e-3,1.0788509403474311e-3,3.3373375917617955e-3
"Gamma.model/mh by time/random-fu sampler/1024",2.5632806656454645e-2,2.5569723354116957e-2,2.5704257132410317e-2,2.350768673059852e-4,1.9343441484020253e-4,2.920169268871743e-4
"Gamma.model/mh by time/random-fu sampler/8064",0.20199362705006385,0.20145252202825112,0.20269284696851106,1.2183600705897506e-3,7.550497907378598e-4,1.990197898855162e-3
"Gamma.model/mh by time/random-fu sampler/15104",0.37817215835727697,0.3772331861961629,0.3790232782225708,1.5800321635773397e-3,1.0035845433682968e-3,2.455355875480344e-3
"Gamma.model/mh by time/random-fu sampler/22144",0.5537946525727349,0.55316902710624,0.5546434216223973,1.1060635999480982e-3,7.314619472318725e-4,1.4695844567987014e-3
"Gamma.model/mh by time/random-fu sampler/29184",0.7301217130458051,0.7274013679840813,0.733270373274557,4.373009357158272e-3,3.295856364900111e-3,5.813493345274117e-3
"Gamma.model/mh by time/random-fu sampler/36224",0.9048434586238815,0.9039974387376347,0.9067801109514129,1.6181641841950085e-3,5.822491955957257e-4,2.3165587290719476e-3
"Gamma.model/mh by time/random-fu sampler/43264",1.084017729043473,1.0790444436252877,1.0877257780944891,5.255702487307299e-3,3.276844826516893e-3,7.1195478747856904e-3
"Gamma.model/mh by time/random-fu sampler/50304",1.2554394008568415,1.2521835626498965,1.2598964282491727,4.843638227280374e-3,2.6802561622609367e-3,6.517113746824967e-3
"Gamma.model/mh by time/random-fu sampler/57344",1.4303479468123492,1.4291758722802648,1.4315200213444337,1.4518526786522345e-3,5.624200743052807e-4,1.8775451972300418e-3
"Gamma.model/mh by time/random-fu sampler/64384",1.6082690765293035,1.6040028977447354,1.6120357170837127,4.431866453298528e-3,3.7239745343776135e-3,4.9307691930593305e-3
"Gamma.exact/importance/monad-bayes sampler/1024",1.7358614785750205e-3,1.727144876793864e-3,1.7467783001503946e-3,4.245249084170652e-5,3.353558090893038e-5,6.030583919488739e-5
"Gamma.exact/importance/monad-bayes sampler/8064",1.3572468729804806e-2,1.353732940618305e-2,1.36155375543061e-2,1.4830632620699996e-4,1.2235866867773174e-4,1.8485948589432814e-4
"Gamma.exact/importance/monad-bayes sampler/15104",2.540462322063687e-2,2.5332501973267776e-2,2.5501935518476047e-2,2.8014354292117227e-4,2.178152129632675e-4,3.825703444638048e-4
"Gamma.exact/importance/monad-bayes sampler/22144",3.71240698964419e-2,3.6979519966650214e-2,3.729131713877288e-2,5.105741797999493e-4,4.1754186876726397e-4,6.82031922561732e-4
"Gamma.exact/importance/monad-bayes sampler/29184",4.925092432014337e-2,4.912836616564546e-2,4.939497000538643e-2,3.9729644931235945e-4,3.091381816296996e-4,5.587751874916563e-4
"Gamma.exact/importance/monad-bayes sampler/36224",6.1096195604579684e-2,6.092545452296896e-2,6.1398601807668124e-2,6.188670745097258e-4,4.1191377330395513e-4,9.67777360422806e-4
"Gamma.exact/importance/monad-bayes sampler/43264",7.325526359541036e-2,7.302800812100971e-2,7.358019620196975e-2,6.95779093104993e-4,5.46636057013105e-4,9.5129835250891e-4
"Gamma.exact/importance/monad-bayes sampler/50304",8.506723606250234e-2,8.468458282908227e-2,8.597792140121728e-2,1.3651078207408754e-3,5.82381282063645e-4,2.5042467925500862e-3
"Gamma.exact/importance/monad-bayes sampler/57344",9.500163293571944e-2,9.481711514512284e-2,9.518495625563256e-2,4.88032304926202e-4,3.786415079403056e-4,6.676799681086684e-4
"Gamma.exact/importance/monad-bayes sampler/64384",0.10800736686082724,0.10768404870467191,0.10832284993281754,7.956523220264194e-4,6.317277601883905e-4,1.0056681813878719e-3
"Gamma.exact/importance/random-fu sampler/1024",1.7493602547748067e-3,1.7419010082120661e-3,1.7596674448484134e-3,3.9898119937548984e-5,3.189526770241083e-5,5.6214909293103494e-5
"Gamma.exact/importance/random-fu sampler/8064",1.4319771015276424e-2,1.4269265272470657e-2,1.437050502149659e-2,1.9092751962877127e-4,1.5151312702416862e-4,2.5018153147684976e-4
"Gamma.exact/importance/random-fu sampler/15104",2.7080990068398824e-2,2.701379987826778e-2,2.715652995139933e-2,2.3895090289122647e-4,1.9498116558657838e-4,3.109550206260516e-4
"Gamma.exact/importance/random-fu sampler/22144",4.007868830666758e-2,3.9892354979741584e-2,4.034346502574956e-2,6.393637889601995e-4,4.4449635193399687e-4,9.048294355076879e-4
"Gamma.exact/importance/random-fu sampler/29184",5.2977958725722626e-2,5.285008700112903e-2,5.316702534934114e-2,4.5717140566843475e-4,3.4168985582500147e-4,6.843287315543528e-4
"Gamma.exact/importance/random-fu sampler/36224",6.544525125630943e-2,6.524848686359827e-2,6.569349951763746e-2,5.851425197914681e-4,3.947622910257466e-4,9.829832922864136e-4
"Gamma.exact/importance/random-fu sampler/43264",7.866267742421795e-2,7.837736756246644e-2,7.902629272225611e-2,8.240488990236219e-4,5.691921237632893e-4,1.3524697117299185e-3
"Gamma.exact/importance/random-fu sampler/50304",9.145843123111032e-2,9.121588510436608e-2,9.171675453506291e-2,6.185934373459785e-4,5.11771225083774e-4,7.805036132438453e-4
"Gamma.exact/importance/random-fu sampler/57344",0.1075193888480948,0.1072351432456046,0.10791751372955614,8.088303564193293e-4,6.068535354161006e-4,1.0845415306882883e-3
"Gamma.exact/importance/random-fu sampler/64384",0.11607152899701674,0.11551163937053718,0.11709469200843739,1.7253523676982227e-3,1.0772239300147768e-3,2.457618867901525e-3
"Gamma.exact/smc/monad-bayes sampler/1024",8.220157462506164e-3,8.183636834258205e-3,8.25727772075122e-3,1.3969718649719192e-4,1.1648755409232181e-4,1.762911739650626e-4
"Gamma.exact/smc/monad-bayes sampler/8064",6.532223560370884e-2,6.514859699172011e-2,6.549345367356181e-2,4.7149159866489927e-4,3.789066791451633e-4,6.460199426618849e-4
"Gamma.exact/smc/monad-bayes sampler/15104",0.12462715813251848,0.12409143511563529,0.12516294680194912,1.256852991887777e-3,9.670360749810266e-4,1.6439552614238718e-3
"Gamma.exact/smc/monad-bayes sampler/22144",0.1817978920139834,0.1813167684263521,0.18211447926358243,8.384632838640643e-4,5.250954567050243e-4,1.3443627944250854e-3
"Gamma.exact/smc/monad-bayes sampler/29184",0.2394056501387916,0.23838487575863013,0.24036010536066604,1.8573360571653415e-3,1.3035292136448862e-3,2.712193364202923e-3
"Gamma.exact/smc/monad-bayes sampler/36224",0.29923873003630236,0.2980422859767887,0.3009801155611697,2.730128325233055e-3,1.7964392652268456e-3,3.804930615026379e-3
"Gamma.exact/smc/monad-bayes sampler/43264",0.35589540877929005,0.3549696186810537,0.357200453832397,1.975802051821043e-3,1.1242702751953926e-3,3.27707909002473e-3
"Gamma.exact/smc/monad-bayes sampler/50304",0.41372729753709636,0.4125339625532984,0.41553097731684774,2.5986752931222395e-3,1.4486722549389168e-3,3.9159816063756795e-3
"Gamma.exact/smc/monad-bayes sampler/57344",0.4721578993222307,0.47038107740930524,0.47562033561742706,3.8415427987820916e-3,1.1889857621433957e-3,6.312400455334418e-3
"Gamma.exact/smc/monad-bayes sampler/64384",0.5316820244144005,0.5305770223241346,0.5334160023797105,2.2709224174056e-3,1.2056438519139844e-3,3.516670620022461e-3
"Gamma.exact/smc/random-fu sampler/1024",6.589357229769154e-3,6.564901635868928e-3,6.617437211820759e-3,1.0427411556432593e-4,8.470342627801306e-5,1.35264113483052e-4
"Gamma.exact/smc/random-fu sampler/8064",5.72870410190957e-2,5.704552484626046e-2,5.759160578677358e-2,7.411007498537932e-4,5.335216573047943e-4,1.1590065339359362e-3
"Gamma.exact/smc/random-fu sampler/15104",0.10782925493435322,0.10729922927799553,0.10832125888103544,1.249182109455829e-3,9.266132856140368e-4,1.7737900942869428e-3
"Gamma.exact/smc/random-fu sampler/22144",0.15834099602249968,0.1575091794345484,0.1589207860538715,1.6320916892554344e-3,1.0315381771146856e-3,2.2685777204611334e-3
"Gamma.exact/smc/random-fu sampler/29184",0.2094225067710599,0.20820953329036695,0.21070053235953817,2.650377878681451e-3,2.0438171684759067e-3,3.5887398601983133e-3
"Gamma.exact/smc/random-fu sampler/36224",0.25551264322028067,0.253987002024037,0.2579183732997955,3.677793086892971e-3,2.2680298665387847e-3,5.8364979570044e-3
"Gamma.exact/smc/random-fu sampler/43264",0.3101187022932939,0.3083472207922191,0.312534437761195,3.8714517245752363e-3,2.3264566688971e-3,5.538828532483288e-3
"Gamma.exact/smc/random-fu sampler/50304",0.362217023653808,0.3591432874316821,0.3668966803406983,6.8548919618088835e-3,3.839999832356625e-3,1.1564438651129945e-2
"Gamma.exact/smc/random-fu sampler/57344",0.4112960950065432,0.4054281477452023,0.41473562716416995,7.4675463818280104e-3,2.7615259807552495e-3,1.0103181449913182e-2
"Gamma.exact/smc/random-fu sampler/64384",0.4585355070614361,0.4537825459055162,0.4617643455915663,6.1835096797425645e-3,3.333016435580923e-3,8.698387577940399e-3
"Gamma.exact/mh by time/monad-bayes sampler/1024",1.4365940378299634e-2,1.4300325013779236e-2,1.444825929335367e-2,2.7237729834199767e-4,2.1985339320271602e-4,3.4806595132510576e-4
"Gamma.exact/mh by time/monad-bayes sampler/8064",0.11218289862918579,0.11186261353815212,0.11262993605293994,9.079248381576354e-4,6.359959926946214e-4,1.3401927571404105e-3
"Gamma.exact/mh by time/monad-bayes sampler/15104",0.2115593541316491,0.21069276830234143,0.21243473440014685,1.7043691146974996e-3,1.291379162795098e-3,2.2597698982776927e-3
"Gamma.exact/mh by time/monad-bayes sampler/22144",0.3116321578656263,0.3105024605626735,0.3129736964265378,2.360774912579374e-3,1.5604799873655787e-3,3.6327676848372675e-3
"Gamma.exact/mh by time/monad-bayes sampler/29184",0.4103831577024869,0.409405200168343,0.41150336236047946,1.8179801213609795e-3,1.2285138059319307e-3,2.9101731992114263e-3
"Gamma.exact/mh by time/monad-bayes sampler/36224",0.5284161508048273,0.5188172926724921,0.5343283701230981,1.2080195986703545e-2,2.461917077352418e-3,1.511828527212557e-2
"Gamma.exact/mh by time/monad-bayes sampler/43264",0.6082099235331632,0.6065347526594576,0.6120348517453748,3.7440359697745234e-3,1.32382352563359e-3,6.058250343662111e-3
"Gamma.exact/mh by time/monad-bayes sampler/50304",0.7100673368154593,0.7084683866376924,0.712367907310715,2.878408125380839e-3,1.7564766499961215e-3,4.3020614938014e-3
"Gamma.exact/mh by time/monad-bayes sampler/57344",0.8030004036647507,0.8005800660334479,0.8057170394590398,3.906860807726778e-3,2.785091651627788e-3,5.5891512909110735e-3
"Gamma.exact/mh by time/monad-bayes sampler/64384",0.902952668385386,0.8988464871129899,0.9097656116381824,6.819975157494315e-3,3.4616837428954944e-3,9.920761325038295e-3
"Gamma.exact/mh by time/random-fu sampler/1024",1.157095359995198e-2,1.152468403772364e-2,1.1619312397926912e-2,1.85727570960004e-4,1.576356753956626e-4,2.3785876477708367e-4
"Gamma.exact/mh by time/random-fu sampler/8064",9.211122197448063e-2,9.172310811907339e-2,9.245763037308456e-2,9.052475307040896e-4,6.660551166459737e-4,1.2180923588701014e-3
"Gamma.exact/mh by time/random-fu sampler/15104",0.17247946342246756,0.17191588619514278,0.17310906526615152,1.2639185579841384e-3,9.38619961989577e-4,1.6862113953663273e-3
"Gamma.exact/mh by time/random-fu sampler/22144",0.252542727540055,0.25100030337720747,0.2541466354795591,3.08841097209059e-3,2.3930222713321567e-3,4.474441717071587e-3
"Gamma.exact/mh by time/random-fu sampler/29184",0.3312484448212994,0.32996285126651675,0.3324317822222215,2.1812982606414415e-3,1.701231249567034e-3,3.0270752342380107e-3
"Gamma.exact/mh by time/random-fu sampler/36224",0.41660553680538887,0.41334509069378733,0.41826559028319854,4.13592025017298e-3,1.110462512542521e-3,6.954644662368905e-3
"Gamma.exact/mh by time/random-fu sampler/43264",0.49390873808255276,0.4922482096751479,0.49543952578815886,2.6067933191668306e-3,1.871566157934089e-3,3.4993686165357093e-3
"Gamma.exact/mh by time/random-fu sampler/50304",0.5716809919593981,0.5691263817115898,0.5737388285603003,3.568895647862012e-3,2.6828322279108933e-3,4.575327877905858e-3
"Gamma.exact/mh by time/random-fu sampler/57344",0.6526122714642404,0.6495840189168356,0.6553085650625821,4.457616343463202e-3,3.233573302398012e-3,6.352275143837466e-3
"Gamma.exact/mh by time/random-fu sampler/64384",0.7337101210286184,0.7282779976322958,0.7395616831674932,8.115477299800238e-3,6.01893181313629e-3,1.0612547009520855e-2
"Dice.dice/importance/monad-bayes sampler/1024",5.4622677954946144e-3,5.421592527533324e-3,5.511714230573815e-3,1.9459762090200954e-4,1.7891208785908935e-4,2.1063995899977736e-4
"Dice.dice/importance/monad-bayes sampler/8064",4.2768739461052224e-2,4.235623545036504e-2,4.322007811450429e-2,1.2617869769927488e-3,1.0794193723407028e-3,1.5846411004381805e-3
"Dice.dice/importance/monad-bayes sampler/15104",8.02439472394086e-2,7.95500880828559e-2,8.098411426452742e-2,1.9230112326991233e-3,1.556925372359312e-3,2.521041495750366e-3
"Dice.dice/importance/monad-bayes sampler/22144",0.11834417340156766,0.11707583034057095,0.11981493054673031,3.2836464531594005e-3,2.6939620758109077e-3,3.940144704819316e-3
"Dice.dice/importance/monad-bayes sampler/29184",0.15650159269257882,0.15516757744127124,0.15815224711039588,3.3597801521550825e-3,2.7536764067401477e-3,4.095359624028171e-3
"Dice.dice/importance/monad-bayes sampler/36224",0.1919381428865555,0.18943790898499427,0.1942608379760467,4.874774458190143e-3,4.0310440637508415e-3,6.401861225878233e-3
"Dice.dice/importance/monad-bayes sampler/43264",0.22940430247141033,0.22693608066860424,0.2316991592056352,4.876542620678042e-3,3.5126446665981297e-3,7.709560270945455e-3
"Dice.dice/importance/monad-bayes sampler/50304",0.2645827884328581,0.2624118207804147,0.2663479181556814,3.6770563597429097e-3,2.8120902454449757e-3,5.012860629976655e-3
"Dice.dice/importance/monad-bayes sampler/57344",0.30778811938788025,0.30411483716183313,0.3112699362518063,6.770208404233472e-3,5.242738628603928e-3,9.556748512314714e-3
"Dice.dice/importance/monad-bayes sampler/64384",0.3399266051923978,0.33424844178652113,0.3464206645413191,1.059372618925231e-2,6.547119692912541e-3,1.5939342479225793e-2
"Dice.dice/importance/random-fu sampler/1024",6.217953300294308e-3,6.194402451360645e-3,6.247184050532384e-3,1.1184995858819989e-4,8.834127581969651e-5,1.6017005459595534e-4
"Dice.dice/importance/random-fu sampler/8064",5.5265741601260486e-2,5.506946507232539e-2,5.557147431006575e-2,7.046991406348189e-4,5.140276537608594e-4,1.0758717800580986e-3
"Dice.dice/importance/random-fu sampler/15104",0.10511359397720174,0.1046772701442515,0.10563506918121904,1.1531299480238221e-3,9.396414218162922e-4,1.5022033058369347e-3
"Dice.dice/importance/random-fu sampler/22144",0.15471782644020424,0.15388737255149781,0.1557187458627047,1.978884644299457e-3,1.4184667267857518e-3,2.845900705630268e-3
"Dice.dice/importance/random-fu sampler/29184",0.20465905191404915,0.20348890801369482,0.20607525791558493,2.5380491054704524e-3,1.793171562259553e-3,3.963094176618073e-3
"Dice.dice/importance/random-fu sampler/36224",0.25221277992133606,0.2503791856867728,0.25356994881699496,3.0208542295353056e-3,1.8673749262886573e-3,4.351140681228318e-3
"Dice.dice/importance/random-fu sampler/43264",0.3026438480218396,0.2999958531519382,0.3046028605596853,4.226517416776733e-3,2.698208298743653e-3,6.200011511102109e-3
"Dice.dice/importance/random-fu sampler/50304",0.350961645258793,0.3466632285591697,0.35366183861224615,5.835205504268485e-3,2.6965303283752544e-3,1.0668562370130166e-2
"Dice.dice/importance/random-fu sampler/57344",0.3993770144876521,0.392979101179578,0.4037734087733475,8.63510537941152e-3,3.563210987406195e-3,1.4801610935798478e-2
"Dice.dice/importance/random-fu sampler/64384",0.44923412900918747,0.4459608385531465,0.4519861706709302,5.447888244750176e-3,3.125085003300875e-3,7.469107295525187e-3
"Dice.dice/smc/monad-bayes sampler/1024",2.3284310691592737e-2,2.318355630938823e-2,2.3400284418331682e-2,3.7051023416279235e-4,2.940345778406758e-4,5.11357808729858e-4
"Dice.dice/smc/monad-bayes sampler/8064",0.18405019317469595,0.18339944316733897,0.18505365663608372,1.6168204589080643e-3,1.0548335310465343e-3,2.2146014955425905e-3
"Dice.dice/smc/monad-bayes sampler/15104",0.34483459104105113,0.3421672779817687,0.34638278868545647,3.5341227804732878e-3,1.7273238587220622e-3,5.73797881244753e-3
"Dice.dice/smc/monad-bayes sampler/22144",0.5068906508386687,0.5049971415401812,0.5086674420454718,3.08759583515556e-3,2.0527719582092378e-3,4.394336264225378e-3
"Dice.dice/smc/monad-bayes sampler/29184",0.6663929566639997,0.6649129906840692,0.6685115057643394,2.7291742729931333e-3,1.7683126531249994e-3,3.654448758503275e-3
"Dice.dice/smc/monad-bayes sampler/36224",0.8253429902626993,0.823138014513644,0.8307114333286203,4.837769592976778e-3,1.36006506091131e-3,7.380986169398788e-3
"Dice.dice/smc/monad-bayes sampler/43264",0.9916221808805888,0.9886291915548068,0.9933868881522683,3.123252347152823e-3,1.5086403197334165e-3,4.343574482165504e-3
"Dice.dice/smc/monad-bayes sampler/50304",1.1518777866308834,1.1506802318712115,1.1528354515534693,1.417780448656078e-3,8.672381121464243e-4,2.024931295063996e-3
"Dice.dice/smc/monad-bayes sampler/57344",1.3131654664367112,1.309566659974542,1.3180683695761697,4.9865410109215256e-3,3.791618754646848e-3,5.80545374138543e-3
"Dice.dice/smc/monad-bayes sampler/64384",1.465566687849337,1.458684714912541,1.475436814880488,1.0332647218773172e-2,1.97965021218216e-3,1.3607332544650448e-2
"Dice.dice/smc/random-fu sampler/1024",2.1188945856815217e-2,2.108385130424711e-2,2.1280266343680677e-2,3.5025404494409764e-4,2.496938833926654e-4,5.01977747211583e-4
"Dice.dice/smc/random-fu sampler/8064",0.16968480341684855,0.16787212469205237,0.17085085910674624,3.2063781891653034e-3,2.2013485098182385e-3,5.051579556561097e-3
"Dice.dice/smc/random-fu sampler/15104",0.3160159155482823,0.3136118822238035,0.31855288781120544,4.440224632685962e-3,3.260573150221266e-3,5.711013848716106e-3
"Dice.dice/smc/random-fu sampler/22144",0.4711071149860909,0.46792976736996394,0.4750314725411589,5.902776327290639e-3,2.9505865264289393e-3,8.211933201575036e-3
"Dice.dice/smc/random-fu sampler/29184",0.617779586746739,0.6101075531311417,0.6218552918308531,8.335539099928322e-3,3.5057193823452184e-3,1.3646885291116873e-2
"Dice.dice/smc/random-fu sampler/36224",0.7707700686020125,0.7540352610099393,0.7829753778959606,2.1077297256417365e-2,1.1139375444410064e-2,3.50044114840062e-2
"Dice.dice/smc/random-fu sampler/43264",0.9170599693224798,0.9090891806519683,0.9237955791481104,1.0270699954570481e-2,7.0857143666427464e-3,1.3180666609530843e-2
"Dice.dice/smc/random-fu sampler/50304",1.0724591683115114,1.0619945924878635,1.0816208881922431,1.316343280284851e-2,1.0199228510223195e-2,1.5458884321914411e-2
"Dice.dice/smc/random-fu sampler/57344",1.2221981336640284,1.216295694322716,1.2284773880662478,7.951172574349805e-3,4.306458037064332e-3,1.0501947081743911e-2
"Dice.dice/smc/random-fu sampler/64384",1.3617475014333635,1.3437687815997366,1.3734519293720433,1.923857194985176e-2,8.173474428391867e-3,2.7464852715307617e-2
"Dice.dice/mh by time/monad-bayes sampler/1024",4.078460664698434e-2,4.0621010970232616e-2,4.101342914581415e-2,5.992634795696325e-4,4.5432491567848907e-4,8.500446054957091e-4
"Dice.dice/mh by time/monad-bayes sampler/8064",0.32106414059923577,0.31986470577715337,0.322048577971984,1.9271917831079584e-3,1.3101526325104461e-3,2.909928259788982e-3
"Dice.dice/mh by time/monad-bayes sampler/15104",0.5986336941687976,0.5959432458832783,0.6015888198408439,4.373831216128099e-3,3.1800639415514864e-3,5.503218419813987e-3
"Dice.dice/mh by time/monad-bayes sampler/22144",0.8810575350917192,0.8783241082412334,0.8860993035863941,4.833309205361104e-3,2.235529462066362e-3,8.013588832790722e-3
"Dice.dice/mh by time/monad-bayes sampler/29184",1.1537633719502312,1.1443439921768785,1.1607884177785022,9.859567212419288e-3,7.470355549023407e-3,1.187550729828937e-2
"Dice.dice/mh by time/monad-bayes sampler/36224",1.4501678323805562,1.4453740827259451,1.4539807209017699,5.391567706220645e-3,2.328014505060483e-3,7.5214463576229774e-3
"Dice.dice/mh by time/monad-bayes sampler/43264",1.7286765022503814,1.7238630649328432,1.732471616454395,5.653791186234149e-3,3.0698558592936326e-3,7.935134198244828e-3
"Dice.dice/mh by time/monad-bayes sampler/50304",2.0143072452064263,2.005953296604917,2.0195636157412173,7.926361649455628e-3,0.0,9.104300829666002e-3
"Dice.dice/mh by time/monad-bayes sampler/57344",2.2915294146501535,2.282434162208493,2.307213926138145,1.3640855038708441e-2,0.0,1.4306603375239755e-2
"Dice.dice/mh by time/monad-bayes sampler/64384",2.574987259066617,2.568373623207127,2.579593699710814,6.9286584026576545e-3,0.0,7.978589237799033e-3
"Dice.dice/mh by time/random-fu sampler/1024",3.904559345075127e-2,3.895935594774619e-2,3.917748106185231e-2,3.2680990374337046e-4,2.622087859220769e-4,4.154174871797098e-4
"Dice.dice/mh by time/random-fu sampler/8064",0.3082758655892482,0.3070908597448862,0.30949925274967816,2.1920798478877565e-3,1.7329829496427044e-3,3.0248459899892156e-3
"Dice.dice/mh by time/random-fu sampler/15104",0.5746834666655245,0.5727606325607033,0.5767913365414281,3.188447650701846e-3,2.123892624055759e-3,5.135621473547748e-3
"Dice.dice/mh by time/random-fu sampler/22144",0.8387700455094554,0.8349878452734304,0.8420953027201167,4.948592746430496e-3,3.092185993866979e-3,7.40808908463806e-3
"Dice.dice/mh by time/random-fu sampler/29184",1.1134548433405556,1.1062618903293016,1.1288327198142327,1.2340079923545735e-2,1.2476171335502534e-3,1.619534360951286e-2
"Dice.dice/mh by time/random-fu sampler/36224",1.373266934114016,1.3682860127627656,1.382013409889573,8.167563602011289e-3,2.818269217462601e-3,1.143435650661038e-2
"Dice.dice/mh by time/random-fu sampler/43264",1.6417200372576846,1.6374716216098804,1.6480493818005921,6.571731824973119e-3,1.0893454724996143e-3,8.562052859233142e-3
"Dice.dice/mh by time/random-fu sampler/50304",1.913422356054045,1.9056616241634006,1.9238833970754055,9.992924590674971e-3,4.858422605392264e-3,1.2312619386568269e-2
"Dice.dice/mh by time/random-fu sampler/57344",2.1825440362894946,2.170128738853878,2.1912720184073184,1.3144330786929968e-2,0.0,1.5117308475623837e-2
"Dice.dice/mh by time/random-fu sampler/64384",2.463828534677423,2.4566020134718873,2.476172474206952,1.074205339182103e-2,0.0,1.1299010773554566e-2
"Dice.dice_hard/importance/monad-bayes sampler/1024",2.667415706493305e-3,2.6405519379317038e-3,2.6925730456678725e-3,1.1039976487612443e-4,9.810708079707402e-5,1.2540676817883803e-4
"Dice.dice_hard/importance/monad-bayes sampler/8064",2.09512543632993e-2,2.0648609623970148e-2,2.138013683299659e-2,1.2549227406365875e-3,9.07266944291869e-4,1.6731847838848497e-3
"Dice.dice_hard/importance/monad-bayes sampler/15104",3.858111449695614e-2,3.8247564476995594e-2,3.8979957729448095e-2,1.1269023451351023e-3,9.075746552115781e-4,1.4290671771266517e-3
"Dice.dice_hard/importance/monad-bayes sampler/22144",5.65726180235618e-2,5.569186222228253e-2,5.727192277836354e-2,2.1470415456749476e-3,1.718978758623783e-3,2.5888509206967443e-3
"Dice.dice_hard/importance/monad-bayes sampler/29184",7.448528032149829e-2,7.331352702107982e-2,7.557169074708799e-2,2.9304050892855087e-3,2.4233046070814084e-3,3.593088678379697e-3
"Dice.dice_hard/importance/monad-bayes sampler/36224",9.206126132499222e-2,9.093594728484881e-2,9.306256479734681e-2,2.767836497309058e-3,2.1535552437082607e-3,3.593493401631992e-3
"Dice.dice_hard/importance/monad-bayes sampler/43264",0.10797098870197792,0.1066862561138211,0.1092965309622616,3.2794701556848973e-3,2.694669831060253e-3,3.934751463022984e-3
"Dice.dice_hard/importance/monad-bayes sampler/50304",0.12658373210640794,0.12501767951833584,0.12796704971269768,3.545995128934581e-3,2.8159927470142957e-3,4.655989128180396e-3
"Dice.dice_hard/importance/monad-bayes sampler/57344",0.145244430616334,0.14344946026437774,0.14664137111351747,3.5233694001177915e-3,2.6313448643569817e-3,5.010045139458578e-3
"Dice.dice_hard/importance/monad-bayes sampler/64384",0.16301888025367917,0.16084704917289486,0.1651972883636075,4.7992765952024185e-3,3.8257156026491124e-3,6.367981546204582e-3
"Dice.dice_hard/importance/random-fu sampler/1024",2.882688306546097e-3,2.869699393684228e-3,2.9069801487506533e-3,7.654764738004735e-5,5.1999318624697754e-5,1.3826528102482222e-4
"Dice.dice_hard/importance/random-fu sampler/8064",2.498244982206096e-2,2.4918170333916394e-2,2.508901545205132e-2,2.815981159816596e-4,2.0149343040548067e-4,4.652959983336217e-4
"Dice.dice_hard/importance/random-fu sampler/15104",4.764696960478465e-2,4.745051716138959e-2,4.785187561567197e-2,5.934409205860761e-4,4.572600028426873e-4,8.075983141193827e-4
"Dice.dice_hard/importance/random-fu sampler/22144",6.989336157820242e-2,6.955868376480606e-2,7.035361938691533e-2,1.0403341271131474e-3,7.543358894486496e-4,1.4710455756965686e-3
"Dice.dice_hard/importance/random-fu sampler/29184",9.206521969835944e-2,9.151209975935817e-2,9.250485011620141e-2,1.2575514763435516e-3,8.361685720334334e-4,1.968171368990365e-3
"Dice.dice_hard/importance/random-fu sampler/36224",0.11508721880771766,0.11458937364471942,0.11600590324918442,1.5754182348403194e-3,9.432828014602589e-4,2.6178232074848817e-3
"Dice.dice_hard/importance/random-fu sampler/43264",0.1383470118421379,0.1376807890108723,0.1393797211352701,1.8853092241014348e-3,1.307071512404457e-3,2.979566381490258e-3
"Dice.dice_hard/importance/random-fu sampler/50304",0.16029508519568808,0.15948354387957098,0.16117344274102674,1.8683910222012088e-3,1.3460031322091626e-3,2.666309977684464e-3
"Dice.dice_hard/importance/random-fu sampler/57344",0.182959317043966,0.18130391986474895,0.1849515756581573,3.946473371186834e-3,2.5747912362502593e-3,7.168481438624761e-3
"Dice.dice_hard/importance/random-fu sampler/64384",0.20560536558462775,0.20411511945985544,0.20738551430731048,3.268347604151287e-3,2.029517254883079e-3,5.530000288068615e-3
"Dice.dice_hard/smc/monad-bayes sampler/1024",3.0683746517118082e-2,3.0624443814487378e-2,3.0838122675904255e-2,3.045450675746663e-4,1.4562411401444368e-4,6.068254614076812e-4
"Dice.dice_hard/smc/monad-bayes sampler/8064",0.2423980849934246,0.24146254797965536,0.24400297006178015,2.3998747783628917e-3,1.4436081737481414e-3,3.8379964812141477e-3
"Dice.dice_hard/smc/monad-bayes sampler/15104",0.4510213766008939,0.4499480468517384,0.4523651545039896,1.9940259755968095e-3,1.2240609329137928e-3,2.9454582218387806e-3
"Dice.dice_hard/smc/monad-bayes sampler/22144",0.6604730654377894,0.6586882632204076,0.6629564628589476,3.262874122646918e-3,2.0867268746335185e-3,4.465056868082779e-3
"Dice.dice_hard/smc/monad-bayes sampler/29184",0.8725531193914567,0.869741835913819,0.874703998816607,3.3104906862459955e-3,1.861543629932711e-3,4.6017189341107986e-3
"Dice.dice_hard/smc/monad-bayes sampler/36224",1.083166310086519,1.0805533861245586,1.0867196471201337,3.7958699056978382e-3,1.9157646066211558e-3,5.305034985398308e-3
"Dice.dice_hard/smc/monad-bayes sampler/43264",1.2916002648143983,1.2860577691664408,1.2966040568239927,6.884339410350879e-3,3.5649895373906196e-3,9.798719107534753e-3
"Dice.dice_hard/smc/monad-bayes sampler/50304",1.4982290243375296,1.4952270068695133,1.5000257384505855,2.8826186744918612e-3,1.4259566853150176e-3,3.69406529346776e-3
"Dice.dice_hard/smc/monad-bayes sampler/57344",1.7127004707631435,1.7046367164359892,1.7184612200082265,7.876461740099525e-3,2.700661882636246e-3,1.0661552404241256e-2
"Dice.dice_hard/smc/monad-bayes sampler/64384",2.2220505049268238,2.1870810964715997,2.242943145304047,3.196358717321429e-2,0.0,3.6187114637615765e-2
"Dice.dice_hard/smc/random-fu sampler/1024",2.3037806033750666e-2,2.2800968639723914e-2,2.3407804406317876e-2,9.909333076656252e-4,6.836450530760331e-4,1.3905141634650978e-3
"Dice.dice_hard/smc/random-fu sampler/8064",0.18224761506868656,0.181891644405794,0.18255506479507533,7.188332888441274e-4,5.029575078084372e-4,1.0507689914683784e-3
"Dice.dice_hard/smc/random-fu sampler/15104",0.34217569782053164,0.341013826348815,0.34288602872865104,1.5969009849291053e-3,8.564407278710701e-4,2.7201269233419834e-3
"Dice.dice_hard/smc/random-fu sampler/22144",0.49789367367499904,0.49590551449125886,0.49939424135764443,2.6816316849625427e-3,1.7773091478455207e-3,4.115144646884372e-3
"Dice.dice_hard/smc/random-fu sampler/29184",0.659567209072474,0.6588969923062177,0.6606718896840365,1.3168005926701258e-3,6.778833983590774e-4,1.966169881070188e-3
"Dice.dice_hard/smc/random-fu sampler/36224",0.8225282750333917,0.8206044901599583,0.8257241992633207,3.5573115083191425e-3,1.617851626136703e-3,5.542412699091633e-3
"Dice.dice_hard/smc/random-fu sampler/43264",0.9828149794163625,0.9810458656476594,0.9862668463997396,3.3121130207362775e-3,1.0654967069589458e-3,4.624048296597279e-3
"Dice.dice_hard/smc/random-fu sampler/50304",1.136430811230474,1.1315169201240196,1.138172284544228,3.7211006148341382e-3,2.403419476654858e-4,4.723146680578916e-3
"Dice.dice_hard/smc/random-fu sampler/57344",1.3006230192299626,1.2962128128632004,1.3058190229321274,6.258941092305063e-3,4.19487237772291e-3,8.336391566229248e-3
"Dice.dice_hard/smc/random-fu sampler/64384",1.4581143275749178,1.4493945962071042,1.4618104154745086,6.449922967706063e-3,2.0574714608943e-3,8.535749375109208e-3
"Dice.dice_hard/mh by time/monad-bayes sampler/1024",2.6616681548294736e-2,2.655461444084956e-2,2.6678043111316437e-2,2.0953775573177467e-4,1.7360344277154215e-4,2.7194589398696177e-4
"Dice.dice_hard/mh by time/monad-bayes sampler/8064",0.20874913939340878,0.20815287142911626,0.20933426386289877,1.241325003144003e-3,9.117129905525096e-4,1.779362164227352e-3
"Dice.dice_hard/mh by time/monad-bayes sampler/15104",0.39209645261334414,0.39106744452931597,0.39308474540622873,1.739599548107039e-3,1.3113443526178521e-3,2.4795712200126867e-3
"Dice.dice_hard/mh by time/monad-bayes sampler/22144",0.5743611409010183,0.5698404257083832,0.5769867077653343,5.18205438702986e-3,3.4253902624284027e-3,7.13728187150982e-3
"Dice.dice_hard/mh by time/monad-bayes sampler/29184",0.7612152714313075,0.7557781686880337,0.7762009954763871,1.2422796515385694e-2,1.9420303414773602e-3,1.8724287516717262e-2
"Dice.dice_hard/mh by time/monad-bayes sampler/36224",0.9450079576506302,0.9417828456742381,0.9476224906325736,3.985231415679072e-3,2.790746276512982e-3,5.514504122631977e-3
"Dice.dice_hard/mh by time/monad-bayes sampler/43264",1.128171627910747,1.124594248273203,1.1319586871395928,4.781545780364953e-3,2.661400405055982e-3,6.610141355850378e-3
"Dice.dice_hard/mh by time/monad-bayes sampler/50304",1.3077306801867161,1.3031696306908098,1.310234188197586,4.648482290823068e-3,2.046136965227998e-3,6.8561390522419476e-3
"Dice.dice_hard/mh by time/monad-bayes sampler/57344",1.4854989172541284,1.4806531963449632,1.4925655198175098,6.728301628147297e-3,2.3948266147446225e-3,8.795886470552393e-3
"Dice.dice_hard/mh by time/monad-bayes sampler/64384",1.6829097186786435,1.6787319753808865,1.6885523240073457,5.569434064584307e-3,2.088376972897668e-3,7.559707897362832e-3
"Dice.dice_hard/mh by time/random-fu sampler/1024",2.3388515147583142e-2,2.332230054866438e-2,2.3466489784246092e-2,2.3722051710391726e-4,1.9556120315030408e-4,2.8886412940529643e-4
"Dice.dice_hard/mh by time/random-fu sampler/8064",0.18519934111005346,0.18448777039749076,0.18616976075840325,1.7814448619959005e-3,1.3136901774657903e-3,2.643647266670193e-3
"Dice.dice_hard/mh by time/random-fu sampler/15104",0.3461395607577002,0.3446825126029904,0.34776475608010615,2.7487687846771834e-3,1.967242896975526e-3,3.633938395578625e-3
"Dice.dice_hard/mh by time/random-fu sampler/22144",0.5098908084286309,0.507434555160779,0.5131708570506572,4.459227890362647e-3,3.3954867490478776e-3,6.148642066035579e-3
"Dice.dice_hard/mh by time/random-fu sampler/29184",0.6717658860635887,0.6698097271076745,0.6741819855854915,3.1366621052791523e-3,2.1318195536763986e-3,4.134920249100917e-3
"Dice.dice_hard/mh by time/random-fu sampler/36224",0.8313723132021762,0.828460577184506,0.8338031729184191,3.8313236665956625e-3,2.5829307952635588e-3,5.7757285443421486e-3
"Dice.dice_hard/mh by time/random-fu sampler/43264",0.9872349025279359,0.9848370593638544,0.9893741235904163,3.1444275499981204e-3,1.9546971525992466e-3,4.407433854735673e-3
"Dice.dice_hard/mh by time/random-fu sampler/50304",1.153763483047119,1.1489928335250141,1.1568479557664333,4.652477252393145e-3,2.225748809744439e-3,6.804919193991223e-3
"Dice.dice_hard/mh by time/random-fu sampler/57344",1.3173742704240599,1.3100210526851706,1.3223770434717221,7.718313951726339e-3,3.726042505287485e-3,1.1454283599704119e-2
"Dice.dice_hard/mh by time/random-fu sampler/64384",1.4731971236214172,1.4666300734061755,1.4786693865686493,6.741378825366597e-3,3.977064669863425e-3,8.66058527278012e-3
"Dice.dice_soft/importance/monad-bayes sampler/1024",2.9199369440030764e-3,2.898894320922916e-3,2.9407635159705253e-3,9.596958771450676e-5,8.559700350532872e-5,1.0788171370407608e-4
"Dice.dice_soft/importance/monad-bayes sampler/8064",2.2838713951440534e-2,2.2642724977080104e-2,2.3024691263162037e-2,6.68330438718963e-4,5.757331888043683e-4,8.126646159853757e-4
"Dice.dice_soft/importance/monad-bayes sampler/15104",4.229400447813425e-2,4.1868809475214194e-2,4.2718049449725806e-2,1.3383667902487218e-3,1.1394509321922069e-3,1.645377303363867e-3
"Dice.dice_soft/importance/monad-bayes sampler/22144",6.320965764577201e-2,6.259174856333136e-2,6.376654670386886e-2,1.6279175616526098e-3,1.313776132214985e-3,2.224631411012468e-3
"Dice.dice_soft/importance/monad-bayes sampler/29184",8.22354120276631e-2,8.147327409128423e-2,8.304677194668975e-2,2.033703434119527e-3,1.6366197676601258e-3,2.597076362361957e-3
"Dice.dice_soft/importance/monad-bayes sampler/36224",0.10238380482123198,0.10135072054353224,0.10329567633432336,2.325605353193423e-3,1.7390803466000402e-3,3.0796612711675416e-3
"Dice.dice_soft/importance/monad-bayes sampler/43264",0.12210718866797876,0.12127236811339755,0.12322470523803178,2.4851228253786168e-3,1.9141239176176889e-3,3.490658027382222e-3
"Dice.dice_soft/importance/monad-bayes sampler/50304",0.14139687375930918,0.13978184675665406,0.14268430265441656,3.2510472535784533e-3,2.4452825502304988e-3,4.422432442238426e-3
"Dice.dice_soft/importance/monad-bayes sampler/57344",0.16249197659883502,0.1605741733670353,0.16444342837211612,4.279956531441446e-3,3.449928166510506e-3,5.397067585913917e-3
"Dice.dice_soft/importance/monad-bayes sampler/64384",0.18180583131391076,0.1803019640783615,0.18367556576645325,3.506187285257487e-3,2.807554250260734e-3,4.497514165626112e-3
"Dice.dice_soft/importance/random-fu sampler/1024",3.282639789520545e-3,3.2728501460726274e-3,3.2955393677418167e-3,4.9272753793199956e-5,4.189420543400514e-5,6.13729348570494e-5
"Dice.dice_soft/importance/random-fu sampler/8064",2.7024700388262757e-2,2.6941831562270174e-2,2.7112074134836205e-2,2.8047332528679153e-4,2.282991052526819e-4,3.531414602236617e-4
"Dice.dice_soft/importance/random-fu sampler/15104",5.1151984364111364e-2,5.088496700518673e-2,5.139325527325367e-2,7.195316556194118e-4,6.016888089490005e-4,8.705645016112656e-4
"Dice.dice_soft/importance/random-fu sampler/22144",7.5912818331131e-2,7.541528745459346e-2,7.641386908849791e-2,1.316980120056592e-3,9.295422275936056e-4,2.0967501948234756e-3
"Dice.dice_soft/importance/random-fu sampler/29184",0.10053817848528225,0.10016816736386823,0.10138142463096246,1.4140601175519898e-3,7.371849213994397e-4,2.4424028288277094e-3
"Dice.dice_soft/importance/random-fu sampler/36224",0.12622787546355058,0.1254703415016753,0.12836593100640106,2.646047354742037e-3,1.1051558258617184e-3,4.915906001007231e-3
"Dice.dice_soft/importance/random-fu sampler/43264",0.1492751619431206,0.1483105826610923,0.1505419707711631,2.464701390295528e-3,1.8577716279408554e-3,3.616437922534731e-3
"Dice.dice_soft/importance/random-fu sampler/50304",0.17273917008190748,0.1707810750817878,0.1740470974155237,3.521587918105607e-3,2.4638854026179506e-3,5.134723428481645e-3
"Dice.dice_soft/importance/random-fu sampler/57344",0.19700539063521097,0.19533427582166754,0.19883737032982285,3.7182140458548725e-3,2.956402360499772e-3,4.663499815862047e-3
"Dice.dice_soft/importance/random-fu sampler/64384",0.2226490492423698,0.2206725370481705,0.22448055545150972,3.628018948594997e-3,2.8685158531576303e-3,4.624268313671126e-3
"Dice.dice_soft/smc/monad-bayes sampler/1024",2.955621456645193e-2,2.946314305057046e-2,2.9685322744497263e-2,3.7351132076311364e-4,2.3776534430220014e-4,6.450691047356063e-4
"Dice.dice_soft/smc/monad-bayes sampler/8064",0.2322229745362652,0.23170708258175288,0.23293815994394165,1.2112819485356992e-3,8.945641612619394e-4,1.789143268458691e-3
"Dice.dice_soft/smc/monad-bayes sampler/15104",0.4351703164545643,0.4336125251598332,0.43649842055263655,2.3803032609298284e-3,1.7328655556407863e-3,3.2094282867182102e-3
"Dice.dice_soft/smc/monad-bayes sampler/22144",0.6345712201424986,0.6337455410912204,0.6358253437711784,1.4996499829549417e-3,8.821699828009886e-4,2.340445512789518e-3
"Dice.dice_soft/smc/monad-bayes sampler/29184",0.8368671707392106,0.8351149086754998,0.8385906234337388,2.4166339999017374e-3,1.8067380614881251e-3,2.9219241978525085e-3
"Dice.dice_soft/smc/monad-bayes sampler/36224",1.038873973613758,1.0329103650643032,1.0424832192956341,6.48374082794817e-3,3.605212088592783e-3,9.701780987403834e-3
"Dice.dice_soft/smc/monad-bayes sampler/43264",1.2415921553976828,1.2366910732860272,1.2456975976728253,5.654209967987584e-3,3.1640310735807004e-3,8.07918563957354e-3
"Dice.dice_soft/smc/monad-bayes sampler/50304",1.4419363341956695,1.4382535650302621,1.445401861468631,4.254302945123709e-3,5.016986603315565e-4,5.2424628110030345e-3
"Dice.dice_soft/smc/monad-bayes sampler/57344",1.6492135863546284,1.6427060846254786,1.654055183907129,6.299145756942833e-3,2.94626748570459e-3,7.736807873841767e-3
"Dice.dice_soft/smc/monad-bayes sampler/64384",1.852896832586829,1.8485948897614164,1.8554246324249246,4.249361211866191e-3,1.6712231085567733e-3,5.837703667928054e-3
"Dice.dice_soft/smc/random-fu sampler/1024",2.297997855687775e-2,2.2893348011759337e-2,2.3096563194995916e-2,3.478421156142456e-4,2.618228161910007e-4,4.661432445256786e-4
"Dice.dice_soft/smc/random-fu sampler/8064",0.1834615412299027,0.18289211460986612,0.1846559831482685,1.6893923686457217e-3,9.484510833332239e-4,2.8165875429062535e-3
"Dice.dice_soft/smc/random-fu sampler/15104",0.3434442688141161,0.34259667820223305,0.3442116917071456,1.442507820326091e-3,1.1196654542897741e-3,1.9178929396281858e-3
"Dice.dice_soft/smc/random-fu sampler/22144",0.5040415616663618,0.5023410226864986,0.5064761462089034,3.281108793216356e-3,2.329546008469091e-3,4.28786666444633e-3
"Dice.dice_soft/smc/random-fu sampler/29184",0.6641491586282543,0.6622518854508215,0.667148157694103,3.6798160898633392e-3,1.779156048359759e-3,5.871259012365054e-3
"Dice.dice_soft/smc/random-fu sampler/36224",0.8226208560240674,0.8198331206201365,0.8254748302548116,4.091359107608267e-3,2.7464516329925898e-3,5.747853561904149e-3
"Dice.dice_soft/smc/random-fu sampler/43264",0.9829256527798921,0.980412888382728,0.9859829758172932,3.6522465000095035e-3,2.5818126858881334e-3,5.0328780062725755e-3
"Dice.dice_soft/smc/random-fu sampler/50304",1.1431285060335283,1.1415748810347832,1.1448055946199744,2.1472400132742948e-3,1.5482834580398846e-3,2.702267088440581e-3
"Dice.dice_soft/smc/random-fu sampler/57344",1.301276374263633,1.2896329028521918,1.30732046237701,1.1362136220277028e-2,3.2475096342220364e-3,1.650605123002937e-2
"Dice.dice_soft/smc/random-fu sampler/64384",1.467310768233776,1.4585573456386554,1.4754707476736342,9.498888105914718e-3,7.999387823104913e-3,1.0612254892333013e-2
"Dice.dice_soft/mh by time/monad-bayes sampler/1024",2.7139138042766697e-2,2.7043361358673832e-2,2.726216733057826e-2,3.494939273848944e-4,2.555625847825903e-4,4.928671160566624e-4
"Dice.dice_soft/mh by time/monad-bayes sampler/8064",0.21317907805344405,0.2124693565608231,0.21472165574339766,2.026735446956193e-3,8.110506041467136e-4,3.539347836994004e-3
"Dice.dice_soft/mh by time/monad-bayes sampler/15104",0.40765070171983997,0.40196807926598527,0.41378697785477964,9.88501583643773e-3,8.328926096106823e-3,1.2663544320741193e-2
"Dice.dice_soft/mh by time/monad-bayes sampler/22144",0.5842718431373594,0.5828207075049571,0.5855543462438482,2.063069596514233e-3,1.4978994329975872e-3,2.8721009280619873e-3
"Dice.dice_soft/mh by time/monad-bayes sampler/29184",0.7698697828240121,0.7681539425505557,0.7712975338654887,2.297417995327868e-3,1.4886099706413478e-3,2.7289478200126396e-3
"Dice.dice_soft/mh by time/monad-bayes sampler/36224",0.9628610037852722,0.959967305058644,0.9697560812182736,5.6803606962019335e-3,1.2920071937284757e-3,8.181278641792647e-3
"Dice.dice_soft/mh by time/monad-bayes sampler/43264",1.141865475540173,1.1406699967246037,1.143198154776673,1.5490760559881947e-3,1.011370735442933e-3,2.0203919376646606e-3
"Dice.dice_soft/mh by time/monad-bayes sampler/50304",1.3319691852475006,1.3304069700171426,1.3341947588436167,2.30486620763843e-3,1.0078293332391936e-3,3.3123318624954327e-3
"Dice.dice_soft/mh by time/monad-bayes sampler/57344",1.512693867125174,1.5101723122074067,1.5137104302242694,1.7562272936721471e-3,4.653368983318362e-4,2.3476519156441903e-3
"Dice.dice_soft/mh by time/monad-bayes sampler/64384",1.7477723741548643,1.713249298900973,1.7650722097525124,3.2937336416705924e-2,1.768907495569867e-4,3.995225895695395e-2
"Dice.dice_soft/mh by time/random-fu sampler/1024",2.3718025836754197e-2,2.3664017426303866e-2,2.3790206043699226e-2,2.3066222901781412e-4,1.8167938644113164e-4,2.980281708044023e-4
"Dice.dice_soft/mh by time/random-fu sampler/8064",0.18679531694084642,0.18632025346101797,0.1872081109791954,9.613533905505669e-4,6.785651639406411e-4,1.3533401295756434e-3
"Dice.dice_soft/mh by time/random-fu sampler/15104",0.34941900180431085,0.34895508523752705,0.34987594559101687,8.108666908719989e-4,6.122779217109336e-4,1.0407683965021936e-3
"Dice.dice_soft/mh by time/random-fu sampler/22144",0.5110547218622297,0.5098568356003107,0.513034671620429,2.333396560339217e-3,1.6196423673014856e-3,3.305972670989541e-3
"Dice.dice_soft/mh by time/random-fu sampler/29184",0.674111108048148,0.6726825818103036,0.6754494997913111,2.054052032822121e-3,1.5268069800268864e-3,2.4657739444811765e-3
"Dice.dice_soft/mh by time/random-fu sampler/36224",0.8370350578302337,0.8334444979615903,0.8394304188845002,4.007394363755494e-3,2.8937558676844014e-3,4.847044531294358e-3
"Dice.dice_soft/mh by time/random-fu sampler/43264",1.0031175542053663,1.00064420878498,1.0066058246749225,3.8473289665380732e-3,2.750987928107979e-3,4.754875303795057e-3
"Dice.dice_soft/mh by time/random-fu sampler/50304",1.165254001613956,1.1627843497828185,1.1673293829472549,3.0685399622423994e-3,1.7879127186514005e-3,4.691669961632703e-3
"Dice.dice_soft/mh by time/random-fu sampler/57344",1.3287769975865302,1.3244798049243824,1.3314406401320078,3.8044531271113568e-3,2.595297205278444e-3,4.383553566378306e-3
"Dice.dice_soft/mh by time/random-fu sampler/64384",1.4903527122544853,1.4853583286527279,1.4941291159128225,5.094380777661197e-3,2.435959886840089e-3,6.988044803158129e-3
"BetaBin.latent/importance/monad-bayes sampler/1024",8.060509174416145e-3,8.011561906760369e-3,8.117434516360954e-3,2.1396543826404025e-4,1.725555155925659e-4,2.881262181229878e-4
"BetaBin.latent/importance/monad-bayes sampler/8064",6.79642918561438e-2,6.628734267411115e-2,7.026148497375743e-2,5.624702884746901e-3,4.410220553195512e-3,8.354898538889578e-3
"BetaBin.latent/importance/monad-bayes sampler/15104",0.1229772733470241,0.12007338573636975,0.1265146495430554,7.162798532231594e-3,5.391796288494006e-3,9.23742090440834e-3
"BetaBin.latent/importance/monad-bayes sampler/22144",0.17385866229062566,0.17040465057992193,0.17843158654755362,8.267724981304549e-3,5.448220518149491e-3,1.1611004090768148e-2
"BetaBin.latent/importance/monad-bayes sampler/29184",0.23118368548554016,0.22738915185607247,0.2376024706451509,9.718658114593113e-3,5.771904277048745e-3,1.237738046843022e-2
"BetaBin.latent/importance/monad-bayes sampler/36224",0.287910119140201,0.2820436499912484,0.29708446862648974,1.3905127344737511e-2,8.30224490588521e-3,1.6953168658250663e-2
"BetaBin.latent/importance/monad-bayes sampler/43264",0.3285691607927576,0.3262477284791064,0.3318472200346891,4.969109579073109e-3,3.1771793980545308e-3,6.80772409824255e-3
"BetaBin.latent/importance/monad-bayes sampler/50304",0.3889186655820106,0.3846958142206981,0.3922766079284302,6.483128740476447e-3,4.434770986172187e-3,8.898513414606539e-3
"BetaBin.latent/importance/monad-bayes sampler/57344",0.44506216985681374,0.44257367342771764,0.4483714154009002,4.831755524419144e-3,3.3152346893224613e-3,6.568950580118563e-3
"BetaBin.latent/importance/monad-bayes sampler/64384",0.5010881773012077,0.49173469723168683,0.5056513128018477,9.859686487926561e-3,4.01763605900182e-3,1.5909527286739767e-2
"BetaBin.latent/importance/random-fu sampler/1024",1.0234685264124532e-2,1.020651628044722e-2,1.0269632380516888e-2,1.2630509861559342e-4,9.448197785088827e-5,1.8089005439479323e-4
"BetaBin.latent/importance/random-fu sampler/8064",9.151882437320817e-2,9.084164847301424e-2,9.195940588335512e-2,1.3732499005939078e-3,8.572524163122743e-4,2.2740722029638365e-3
"BetaBin.latent/importance/random-fu sampler/15104",0.16573193228070196,0.16407712155004328,0.1668996677932547,2.9561639023894235e-3,2.080876068044998e-3,4.297002584634261e-3
"BetaBin.latent/importance/random-fu sampler/22144",0.2426392407849038,0.2412244693673711,0.24528952857454933,3.731695429447622e-3,1.8779313430068955e-3,6.679188345565015e-3
"BetaBin.latent/importance/random-fu sampler/29184",0.3216956875841897,0.3191204656403756,0.32409612726853704,4.4748669748173155e-3,3.54989397704117e-3,5.2700981243137875e-3
"BetaBin.latent/importance/random-fu sampler/36224",0.39492898697229056,0.3901010114146345,0.39959111101077205,8.13940334161207e-3,6.2968122133671865e-3,1.0376116586770014e-2
"BetaBin.latent/importance/random-fu sampler/43264",0.4777352937493269,0.4715796385028653,0.4821411890211044,8.466242332589023e-3,6.09609482174373e-3,1.2085163158389691e-2
"BetaBin.latent/importance/random-fu sampler/50304",0.5593346361230849,0.5533772215803574,0.5684337223369004,1.1475770763836454e-2,5.587958005607786e-3,1.7858520071769298e-2
"BetaBin.latent/importance/random-fu sampler/57344",0.6292804194182419,0.6221057764172285,0.6364421255339953,1.1050923874370611e-2,7.489564176337351e-3,1.5552647919059805e-2
"BetaBin.latent/importance/random-fu sampler/64384",0.703141646366647,0.6870347255119281,0.7141467927589888,1.918400790111752e-2,1.0855120355564194e-2,2.8146848497203614e-2
"BetaBin.latent/smc/monad-bayes sampler/1024",3.742038852910915e-2,3.729020915962097e-2,3.753133317971151e-2,3.7177967011114684e-4,2.949347186508193e-4,4.7196696335897553e-4
"BetaBin.latent/smc/monad-bayes sampler/8064",0.29812914267226004,0.2973066481303958,0.29882867992994155,1.4451393395762543e-3,1.1262077249956097e-3,1.767079974365994e-3
"BetaBin.latent/smc/monad-bayes sampler/15104",0.5589305739570686,0.5579274813123419,0.5599275505443663,1.5885344454259149e-3,1.2817043664079323e-3,2.1282690886112498e-3
"BetaBin.latent/smc/monad-bayes sampler/22144",0.8187495470520456,0.8163635602020404,0.8210434850265413,3.3314370356450984e-3,2.1380859571427683e-3,5.235417847351205e-3
"BetaBin.latent/smc/monad-bayes sampler/29184",1.0819893305437702,1.078601723067671,1.0852738364813557,4.4293915778658615e-3,2.552481947807809e-3,5.783564557110092e-3
"BetaBin.latent/smc/monad-bayes sampler/36224",1.3429535097802652,1.3410890586589468,1.3442186935294465,2.0078690007923963e-3,9.061559130079413e-4,2.9954706631259917e-3
"BetaBin.latent/smc/monad-bayes sampler/43264",1.6054340925626143,1.5990459616187174,1.6128256413761843,8.557603455787915e-3,2.9651479615386833e-3,1.1328898532747333e-2
"BetaBin.latent/smc/monad-bayes sampler/50304",1.8640630303577734,1.8522038702043677,1.86854910025557,8.08468086007426e-3,1.1731552308180328e-3,1.0316789393141537e-2
"BetaBin.latent/smc/monad-bayes sampler/57344",2.121368484205471,2.119942254807278,2.122128658005,1.2431929667611988e-3,0.0,1.3166596433662838e-3
"BetaBin.latent/smc/monad-bayes sampler/64384",2.3917325784280843,2.3894974521051204,2.3930026725499958,1.989028281526158e-3,0.0,2.19986754954552e-3
"BetaBin.latent/smc/random-fu sampler/1024",3.2697563197160745e-2,3.258951459764898e-2,3.283224525444589e-2,3.5963406071841067e-4,2.6149090420486297e-4,4.717183765798569e-4
"BetaBin.latent/smc/random-fu sampler/8064",0.2600991922814899,0.25859701180999556,0.26149890576320656,2.8024717060971364e-3,1.996022626976239e-3,3.740249444852468e-3
"BetaBin.latent/smc/random-fu sampler/15104",0.48820618591343556,0.48541314570446,0.49132578819610956,4.719345380816609e-3,3.223655108109745e-3,7.090795748426983e-3
"BetaBin.latent/smc/random-fu sampler/22144",0.7117084985330592,0.70786853933489,0.7187422776217997,7.149093210991447e-3,4.172348095077402e-3,1.0037432391011923e-2
"BetaBin.latent/smc/random-fu sampler/29184",0.9454639317178678,0.9348195770512876,0.9615831622111429,1.800846921373942e-2,7.857171414723335e-3,2.6480441725578233e-2
"BetaBin.latent/smc/random-fu sampler/36224",1.1544241294372162,1.1485924851098528,1.1611343840744195,7.776397747294242e-3,4.628457158852723e-3,1.0760223459004757e-2
"BetaBin.latent/smc/random-fu sampler/43264",1.3844467959745257,1.3673626244990618,1.3969940329660195,1.774804677094156e-2,1.399910502672782e-2,2.0605708829713958e-2
"BetaBin.latent/smc/random-fu sampler/50304",1.6326032840548022,1.6214031032592153,1.6432437894460126,1.2490836682207067e-2,9.94142691391009e-3,1.4386338579468154e-2
"BetaBin.latent/smc/random-fu sampler/57344",1.8582026424915106,1.845544248446244,1.8743252446486565,1.6042899846088948e-2,6.617884758329262e-3,2.215562120667788e-2
"BetaBin.latent/smc/random-fu sampler/64384",2.0563129543442376,2.050802660707096,2.0603026752657025,6.040700366305188e-3,0.0,6.910399343998137e-3
"BetaBin.latent/mh by time/monad-bayes sampler/1024",4.775011108560889e-2,4.7595975026363174e-2,4.7923073473430756e-2,4.721757565177854e-4,3.671251381048758e-4,6.24753643103707e-4
"BetaBin.latent/mh by time/monad-bayes sampler/8064",0.3763777900053705,0.3746985119786164,0.37747774240049786,2.3470133039877575e-3,1.556812974838632e-3,3.5888885793164084e-3
"BetaBin.latent/mh by time/monad-bayes sampler/15104",0.70443880003227,0.7025236912127676,0.7058829428851602,2.471279505963907e-3,1.7320947405511536e-3,3.7001838921768893e-3
"BetaBin.latent/mh by time/monad-bayes sampler/22144",1.0352806426776842,1.0331127571183074,1.0367688091604206,2.581477264194346e-3,1.3443245497930076e-3,4.074111947523533e-3
"BetaBin.latent/mh by time/monad-bayes sampler/29184",1.363523458784298,1.3613234537607284,1.3657234638078677,2.8013896693690294e-3,2.0073005500907018e-3,3.4388515738602086e-3
"BetaBin.latent/mh by time/monad-bayes sampler/36224",1.7015433896869026,1.6964631385737874,1.705542626030418,5.331346688887469e-3,2.8219926493422824e-3,7.2771650200870765e-3
"BetaBin.latent/mh by time/monad-bayes sampler/43264",2.0287525939005286,2.0197901093531123,2.035728135186147,1.0781388824930493e-2,0.0,1.2081991916984676e-2
"BetaBin.latent/mh by time/monad-bayes sampler/50304",2.3981681706230598,2.352824475354924,2.4222059340741797,3.948201564764175e-2,0.0,4.1634627597661726e-2
"BetaBin.latent/mh by time/monad-bayes sampler/57344",2.6860087133456925,2.6813829898535055,2.6919571524737034,5.409751497946869e-3,0.0,6.1049956352260985e-3
"BetaBin.latent/mh by time/monad-bayes sampler/64384",3.009529512233224,3.0045082541385217,3.013961441589808,7.220272054744749e-3,0.0,7.676326821159251e-3
"BetaBin.latent/mh by time/random-fu sampler/1024",4.860637281184947e-2,4.849147379838094e-2,4.8747956309008036e-2,3.7956530012869387e-4,3.1007936389223606e-4,4.995919479528615e-4
"BetaBin.latent/mh by time/random-fu sampler/8064",0.3853649273973093,0.3845294942753248,0.38608774146574965,1.3230319697184138e-3,9.66700566444641e-4,1.943573317445552e-3
"BetaBin.latent/mh by time/random-fu sampler/15104",0.7201072108175043,0.7175389019864541,0.722369603137513,3.6337392906308566e-3,2.725691938397288e-3,4.609525930407135e-3
"BetaBin.latent/mh by time/random-fu sampler/22144",1.0625105791819143,1.0609448213030668,1.0648570716138104,2.523459602665442e-3,1.232687109833106e-3,3.98815464676447e-3
"BetaBin.latent/mh by time/random-fu sampler/29184",1.3953413518171072,1.3907731510771124,1.4003435832222033,6.144518582275748e-3,3.6531129459829253e-3,8.51799649409978e-3
"BetaBin.latent/mh by time/random-fu sampler/36224",1.7283873772578215,1.7197154900883103,1.7349494314219944,8.678217663071322e-3,4.219666010677026e-3,1.1749376500106162e-2
"BetaBin.latent/mh by time/random-fu sampler/43264",2.086980972538203,2.0835063546043835,2.0898750517383218,4.593232379431672e-3,0.0,5.012692215733905e-3
"BetaBin.latent/mh by time/random-fu sampler/50304",2.3999541173164767,2.3937619471041267,2.404478098327458,6.863469194853285e-3,0.0,7.835764963496458e-3
"BetaBin.latent/mh by time/random-fu sampler/57344",2.741257296734569,2.734045187209096,2.7449421390451043,6.250340803089386e-3,0.0,6.3823340997261925e-3
"BetaBin.latent/mh by time/random-fu sampler/64384",3.0706462886768926,3.058349353470725,3.0791171661375674,1.272608539646899e-2,0.0,1.4671990146578212e-2
"BetaBin.urn/importance/monad-bayes sampler/1024",2.104820176920864e-2,2.0935528972866282e-2,2.119719614751493e-2,4.379705254343156e-4,3.658058152363905e-4,5.189537196192884e-4
"BetaBin.urn/importance/monad-bayes sampler/8064",0.1658910854162331,0.16490812459957516,0.16676354748918698,2.0775943849045794e-3,1.554750336291326e-3,2.780536578082477e-3
"BetaBin.urn/importance/monad-bayes sampler/15104",0.313028379793354,0.309130744245237,0.315633965422721,5.8186163807045855e-3,3.8475013594180293e-3,8.933852385974298e-3
"BetaBin.urn/importance/monad-bayes sampler/22144",0.45689161161240704,0.45386407709598914,0.459221076203458,4.289201814852147e-3,2.62038877991391e-3,6.521439443030533e-3
"BetaBin.urn/importance/monad-bayes sampler/29184",0.6102683961973183,0.6002834430996609,0.6233016704774281,1.7064004668423147e-2,9.44556570713265e-3,2.766601969465472e-2
"BetaBin.urn/importance/monad-bayes sampler/36224",0.748565995066528,0.7432016191671773,0.7545734324697319,8.250846601863208e-3,5.386867761903856e-3,1.1643548755287163e-2
"BetaBin.urn/importance/monad-bayes sampler/43264",0.8935311600534757,0.8863490199418496,0.8983843591288448,7.788395442963634e-3,5.5751080468817455e-3,9.696471910942367e-3
"BetaBin.urn/importance/monad-bayes sampler/50304",1.0268046516229319,1.0148596776254222,1.0404572646109875,1.7365366961315562e-2,1.1604479354561327e-2,2.4722511495341108e-2
"BetaBin.urn/importance/monad-bayes sampler/57344",1.1847171126304044,1.1786154890244205,1.1937774108418568,9.379136014306426e-3,3.150966317901451e-3,1.3510079271245042e-2
"BetaBin.urn/importance/monad-bayes sampler/64384",1.3277741294003669,1.31456806997544,1.3405001497042806,1.6544896648971467e-2,1.0054185713351432e-2,2.2404535678176022e-2
"BetaBin.urn/importance/random-fu sampler/1024",3.1225070744013726e-2,3.115173787209024e-2,3.130964930029818e-2,2.5385899687653746e-4,2.0279522901735155e-4,3.16158705413155e-4
"BetaBin.urn/importance/random-fu sampler/8064",0.24861841688511271,0.24660581212985747,0.2503781567916899,3.626159857841084e-3,2.766509732618805e-3,4.94915076901097e-3
"BetaBin.urn/importance/random-fu sampler/15104",0.467897369552147,0.46360837888492706,0.4710463493181747,6.076340260484554e-3,4.4415564354738785e-3,7.617289503626213e-3
"BetaBin.urn/importance/random-fu sampler/22144",0.6847966350865935,0.676002832058103,0.6902331898487972,9.95333530232369e-3,3.9003294076993228e-3,1.4944236126398933e-2
"BetaBin.urn/importance/random-fu sampler/29184",0.8974089110839314,0.8816869647335072,0.911857827920791,2.068388685213918e-2,1.242790500204896e-2,2.8628470521074704e-2
"BetaBin.urn/importance/random-fu sampler/36224",1.1307748544767844,1.1059570227017197,1.1483123728726172,2.5968130062231976e-2,1.1736367866235423e-2,3.4800886066859264e-2
"BetaBin.urn/importance/random-fu sampler/43264",1.34080451218105,1.3034315917457096,1.3676901837513769,4.2718365089335755e-2,2.0247020775101977e-2,5.7878948100142984e-2
"BetaBin.urn/importance/random-fu sampler/50304",1.538071640116843,1.5258851540898006,1.5599720683740728,2.136644598973271e-2,9.999696345516053e-4,2.7143514318202482e-2
"BetaBin.urn/importance/random-fu sampler/57344",1.776135704042498,1.7437049008774916,1.8026090265712789,3.28727252957962e-2,2.4976021217746735e-2,3.873423341381404e-2
"BetaBin.urn/importance/random-fu sampler/64384",1.9876138104196546,1.967193173417977,2.0100885138674447,2.6793540755820647e-2,1.0143115392066582e-2,3.544718027570616e-2
"BetaBin.urn/smc/monad-bayes sampler/1024",7.219042518856095e-2,7.193154160880683e-2,7.246810823886775e-2,7.119115886036382e-4,6.064954254839898e-4,8.841191055967072e-4
"BetaBin.urn/smc/monad-bayes sampler/8064",0.5753612840215099,0.5739120812282678,0.5771914575690527,2.57279699376689e-3,1.8427281624769673e-3,3.642011343321473e-3
"BetaBin.urn/smc/monad-bayes sampler/15104",1.081474144910746,1.0765531354249531,1.0886832242396824,7.424624691096636e-3,3.3726405364213853e-3,1.009167853903844e-2
"BetaBin.urn/smc/monad-bayes sampler/22144",1.5863871915499101,1.580499274879805,1.5921396080142511,6.714289552740931e-3,5.779058809062081e-3,6.868908895769736e-3
"BetaBin.urn/smc/monad-bayes sampler/29184",2.0917990558172352,2.0830969532084156,2.0984363007943467,1.018994975172776e-2,0.0,1.1496045522638686e-2
"BetaBin.urn/smc/monad-bayes sampler/36224",2.6027337505951005,2.5919849622090725,2.610453983349419,1.1669574363575609e-2,0.0,1.337183537673643e-2
"BetaBin.urn/smc/monad-bayes sampler/43264",3.1039744460111223,3.079720754353462,3.1200804159625766,2.4159512170528436e-2,0.0,2.7896358261097008e-2
"BetaBin.urn/smc/monad-bayes sampler/50304",3.6138749240111365,3.6067847173550995,3.620180608383117,1.030973045823958e-2,5.438959822042073e-16,1.092176570876404e-2
"BetaBin.urn/smc/monad-bayes sampler/57344",4.108430868705826,4.098721720805413,4.1162784806733805,1.2301428936255129e-2,0.0,1.3592462645891487e-2
"BetaBin.urn/smc/monad-bayes sampler/64384",4.615447546622533,4.564984964706501,4.644973023505479,4.556110649495915e-2,0.0,5.1139626078964454e-2
"BetaBin.urn/smc/random-fu sampler/1024",6.642307795093012e-2,6.619480137162215e-2,6.666339028673463e-2,6.744784892859335e-4,5.296028721645862e-4,9.226742737620924e-4
"BetaBin.urn/smc/random-fu sampler/8064",0.5271056584991061,0.5233231019341683,0.530313194128355,5.652213259662791e-3,4.479778341688333e-3,7.226023576365043e-3
"BetaBin.urn/smc/random-fu sampler/15104",0.9786611463535612,0.9698549878058076,0.9870637993959149,1.1842738111848593e-2,6.825719233072236e-3,1.7097338603756895e-2
"BetaBin.urn/smc/random-fu sampler/22144",1.4424143433835273,1.401299801208926,1.4574345603656376,2.779523057142285e-2,2.627597881490829e-3,3.46877052716323e-2
"BetaBin.urn/smc/random-fu sampler/29184",1.9002469688123762,1.854744936000861,1.9285593938250227,4.45321939968991e-2,2.0035526588232266e-2,5.682239612648808e-2
"BetaBin.urn/smc/random-fu sampler/36224",2.383981538816965,2.349899001139063,2.416643703840093,5.538344616666356e-2,0.0,5.657252930525695e-2
"BetaBin.urn/smc/random-fu sampler/43264",2.7888194044833625,2.7438658711382904,2.8165232976733408,4.197047515598359e-2,0.0,4.798455057250424e-2
"BetaBin.urn/smc/random-fu sampler/50304",3.262165168677123,3.177681545208008,3.3181452730976733,8.397486617546632e-2,0.0,9.696038506940456e-2
"BetaBin.urn/smc/random-fu sampler/57344",3.7635602084559223,3.732151918209103,3.7870283626545604,3.581032050196515e-2,0.0,4.0648035431902874e-2
"BetaBin.urn/smc/random-fu sampler/64384",4.241710573260123,4.199355313470376,4.280249326338747,6.370363731926704e-2,0.0,6.675107839252725e-2
"BetaBin.urn/mh by time/monad-bayes sampler/1024",6.7465084188732e-2,6.726977142338283e-2,6.775768101724491e-2,6.415530767956636e-4,4.4103500543814884e-4,1.0035358021916688e-3
"BetaBin.urn/mh by time/monad-bayes sampler/8064",0.5275979398207322,0.5263011593513139,0.5287080709495199,1.974913332741112e-3,1.5597921029070554e-3,2.479154089339447e-3
"BetaBin.urn/mh by time/monad-bayes sampler/15104",0.9922746506188473,0.9914107215916349,0.9937276492704518,1.5273950080762118e-3,6.191569505534335e-4,2.356554606877274e-3
"BetaBin.urn/mh by time/monad-bayes sampler/22144",1.455716431687117,1.450838211118603,1.460276933119744,6.046049299258371e-3,2.606919452684431e-3,7.52181562354191e-3
"BetaBin.urn/mh by time/monad-bayes sampler/29184",1.9161269217501335,1.913439484906174,1.917694696493195,2.652850893989727e-3,8.102290467084893e-4,3.5599920340587286e-3
"BetaBin.urn/mh by time/monad-bayes sampler/36224",2.386095616427173,2.3850686974701065,2.3870484834717662,1.5901675981745118e-3,0.0,1.6504141340935902e-3
"BetaBin.urn/mh by time/monad-bayes sampler/43264",2.8364159741491446,2.832462351705009,2.8396281984487417,5.04574643360611e-3,0.0,5.56373569220929e-3
"BetaBin.urn/mh by time/monad-bayes sampler/50304",3.3044220373450393,3.2930268572103265,3.310508276059313,9.937153901579504e-3,0.0,1.0541674680115399e-2
"BetaBin.urn/mh by time/monad-bayes sampler/57344",3.7659319676763183,3.7554658492057675,3.7731470290980282,1.0840190075961171e-2,0.0,1.2496852962130937e-2
"BetaBin.urn/mh by time/monad-bayes sampler/64384",4.234782712871914,4.214766393105225,4.24800688173888,1.983870501812871e-2,0.0,2.2904932365454413e-2
"BetaBin.urn/mh by time/random-fu sampler/1024",7.112515206948809e-2,7.10189806381387e-2,7.125333553201155e-2,3.141753795454403e-4,2.361449407282685e-4,4.5664492664201743e-4
"BetaBin.urn/mh by time/random-fu sampler/8064",0.5603708298366559,0.5589598112817679,0.5623771147765483,2.4819079928635928e-3,1.4254239431501165e-3,3.756980298078249e-3
"BetaBin.urn/mh by time/random-fu sampler/15104",1.0512886913389825,1.0471777325202651,1.0552861733231642,5.370307147912756e-3,3.5245898827013155e-3,7.16215231890792e-3
"BetaBin.urn/mh by time/random-fu sampler/22144",1.5363719923496066,1.5337091516057266,1.5378243418241215,2.5430987409251022e-3,8.521155798139263e-4,3.3540574402744646e-3
"BetaBin.urn/mh by time/random-fu sampler/29184",2.0318264607608065,2.0129352324713854,2.0459446698391814,2.1544307146882345e-2,0.0,2.4453455435625264e-2
"BetaBin.urn/mh by time/random-fu sampler/36224",2.5122196611221095,2.510263102708824,2.513494466487197,1.9137503709285295e-3,0.0,2.208027662093721e-3
"BetaBin.urn/mh by time/random-fu sampler/43264",2.9947017352615326,2.9824373424716586,3.002817589638902,1.2174793172767265e-2,0.0,1.405707212843483e-2
"BetaBin.urn/mh by time/random-fu sampler/50304",3.4897988682343946,3.472689626855486,3.500389886185206,1.602706553539644e-2,0.0,1.8344181194679957e-2
"BetaBin.urn/mh by time/random-fu sampler/57344",3.978004507789104,3.9622710573555247,3.9866799657396452,1.3839889256103076e-2,0.0,1.5026333949264817e-2
"BetaBin.urn/mh by time/random-fu sampler/64384",4.473732165955595,4.456030648853544,4.485556399407191,1.7736452792049138e-2,0.0,2.0480173098720744e-2
"HMM.hmm/importance/monad-bayes sampler/1024",3.12488977812309e-2,3.1102030309707505e-2,3.145267918649955e-2,5.508551286559183e-4,3.911595891079219e-4,9.517073392629154e-4
"HMM.hmm/importance/monad-bayes sampler/8064",0.24476807909974974,0.24234472415767083,0.24677606488947496,4.082274953479035e-3,3.1789280795128418e-3,5.396114616801464e-3
"HMM.hmm/importance/monad-bayes sampler/15104",0.46415039942347946,0.46053636053233127,0.46768899230940186,6.1381707106257346e-3,4.482327191027845e-3,9.016465761128937e-3
"HMM.hmm/importance/monad-bayes sampler/22144",0.6800397275983749,0.675792987044968,0.6864943439291578,7.439276646058246e-3,4.13577284357999e-3,1.118407938937575e-2
"HMM.hmm/importance/monad-bayes sampler/29184",0.8945536955690351,0.8895158213408707,0.9008735281472394,7.881995374713966e-3,4.604053702990219e-3,1.187548563929334e-2
"HMM.hmm/importance/monad-bayes sampler/36224",1.1058039210480808,1.0950912111396436,1.1165166309565175,1.4226687975384015e-2,7.665862661002467e-3,1.974407044639795e-2
"HMM.hmm/importance/monad-bayes sampler/43264",1.3360548619332184,1.3174833807590551,1.3490689640643665,2.133057352004752e-2,1.341748760059783e-2,2.863405464264367e-2
"HMM.hmm/importance/monad-bayes sampler/50304",1.6553668045407044,1.6454417497542473,1.6611560871324076,9.851574284170984e-3,3.3679729711514252e-3,1.3369775450938483e-2
"HMM.hmm/importance/monad-bayes sampler/57344",1.7831447048542386,1.7504716881491067,1.831705325000439,4.9270689420533725e-2,9.55597282304288e-3,6.442081299627467e-2
"HMM.hmm/importance/monad-bayes sampler/64384",1.9714387572748566,1.9581302210439708,1.9925034688567032,2.0005690872167737e-2,4.382510099686376e-3,2.5674261130126833e-2
"HMM.hmm/importance/random-fu sampler/1024",4.166181914118753e-2,4.147008209643637e-2,4.184821574224901e-2,5.90200530805015e-4,4.616376152351137e-4,7.724658745999303e-4
"HMM.hmm/importance/random-fu sampler/8064",0.33327742044246395,0.3315832990509096,0.33503907414865974,3.2303236607562095e-3,2.260076271258895e-3,4.5923333187117095e-3
"HMM.hmm/importance/random-fu sampler/15104",0.6164137336243607,0.6098861686387983,0.6235189669678824,1.0504042803110599e-2,7.181724586523327e-3,1.5382443321509181e-2
"HMM.hmm/importance/random-fu sampler/22144",0.9209695589484217,0.909390435861206,0.9528315902085057,2.57540787393293e-2,2.2744265215918586e-3,3.59821082088725e-2
"HMM.hmm/importance/random-fu sampler/29184",1.2053213460100403,1.1958490030243838,1.2121576479760106,1.014890070253797e-2,4.640884949904059e-3,1.5037939111978194e-2
"HMM.hmm/importance/random-fu sampler/36224",1.509438131750878,1.496137840295876,1.523752626380776,1.7277874105235146e-2,8.301787704737126e-3,2.2413919702646026e-2
"HMM.hmm/importance/random-fu sampler/43264",1.8015154421879187,1.764445830075826,1.8331176401915237,3.956032403942837e-2,3.2720812357760365e-2,4.534726438698706e-2
"HMM.hmm/importance/random-fu sampler/50304",2.060132780539099,2.0310289157072576,2.0884313552384266,4.8332264355440975e-2,0.0,4.901456916101911e-2
"HMM.hmm/importance/random-fu sampler/57344",2.338574867983089,2.3061985777070833,2.3654536977821667,4.2600290793961076e-2,0.0,4.65554988599992e-2
"HMM.hmm/importance/random-fu sampler/64384",2.618871522399298,2.560533803136672,2.6522134868048615,5.204997932454527e-2,0.0,5.774997637458897e-2
"HMM.hmm/smc/monad-bayes sampler/1024",0.7004663361842637,0.6968611032928508,0.7038764773215018,5.118872710455643e-3,3.3979494393720695e-3,6.868924771553579e-3
"HMM.hmm/smc/monad-bayes sampler/8064",5.5545401757615736,5.525339667708441,5.570071172893127,2.5442067476290554e-2,0.0,2.6900476124056417e-2
"HMM.hmm/smc/monad-bayes sampler/15104",10.38922593317705,10.354702565852408,10.415582575961738,4.047668095968078e-2,0.0,4.565104442002245e-2
"HMM.hmm/smc/monad-bayes sampler/22144",15.162562219261032,15.11653738947244,15.193554685506124,4.649564166514813e-2,0.0,5.3680526188364434e-2
"HMM.hmm/smc/monad-bayes sampler/29184",20.049527245233463,20.022146613207415,20.067396150210673,2.6822000469648496e-2,0.0,3.0949851296145383e-2
"HMM.hmm/smc/monad-bayes sampler/36224",24.915149552593718,24.8810001107062,24.93821180889296,3.460192917483115e-2,0.0,3.994499964746055e-2
"HMM.hmm/smc/monad-bayes sampler/43264",29.760608994455065,29.744920741803927,29.78104791535289,1.8526192370581653e-2,0.0,2.085803337355373e-2
"HMM.hmm/smc/monad-bayes sampler/50304",34.63768140453948,34.58249441620993,34.671606882071075,5.143003870194565e-2,0.0,5.876065075576147e-2
"HMM.hmm/smc/monad-bayes sampler/57344",39.43151568581613,39.40011954410393,39.454074940494024,3.410235881485453e-2,0.0,3.907377528299435e-2
"HMM.hmm/smc/monad-bayes sampler/64384",44.192752946734004,44.18516741914052,44.19932640330529,1.0618165680153585e-2,8.702335715267317e-15,1.1385560762815461e-2
"HMM.hmm/smc/random-fu sampler/1024",0.46048615162320317,0.4596155191181635,0.46137328243301146,1.4672056300945166e-3,9.7073232530136e-4,2.1511858119595936e-3
"HMM.hmm/smc/random-fu sampler/8064",3.620037484178301,3.5983091034731305,3.636481891423054,2.518613271473723e-2,0.0,2.848254884826633e-2
"HMM.hmm/smc/random-fu sampler/15104",6.727416104121825,6.720290271206442,6.733234238654784,9.157357596851753e-3,0.0,1.0077304616357457e-2
"HMM.hmm/smc/random-fu sampler/22144",9.846290669927553,9.836798362708043,9.855047055848319,1.4571053186254452e-2,0.0,1.5166505305447749e-2
"HMM.hmm/smc/random-fu sampler/29184",12.965350172318033,12.952815143140112,12.97223829497271,1.1014154834102547e-2,0.0,1.1930578406668722e-2
"HMM.hmm/smc/random-fu sampler/36224",16.1096599009829,16.02941255170791,16.17636344845937,0.10577397865482628,0.0,0.11553393327432966
"HMM.hmm/smc/random-fu sampler/43264",19.181090784956336,19.169073026805204,19.189111628805776,1.2031288521853313e-2,0.0,1.389250906680478e-2
"HMM.hmm/smc/random-fu sampler/50304",22.30980661606647,22.292681822854053,22.318667137184022,1.4857449678340032e-2,0.0,1.5346872757133598e-2
"HMM.hmm/smc/random-fu sampler/57344",25.395201901649486,25.374398527103683,25.429848301705906,3.0205817193464563e-2,0.0,3.201394229309784e-2
"HMM.hmm/smc/random-fu sampler/64384",28.516083212762492,28.4869955702101,28.535313062516735,2.8847841825958266e-2,0.0,3.330707679626705e-2
"HMM.hmm/mh by time/monad-bayes sampler/1024",0.1381407188421834,0.1376056584590492,0.13860834424076074,1.1541937175681913e-3,8.818164923308583e-4,1.5372354368863618e-3
"HMM.hmm/mh by time/monad-bayes sampler/8064",1.0824081566337238,1.0769982429839726,1.0875749837260464,6.695690314493476e-3,3.3445484644479646e-3,9.655199148862936e-3
"HMM.hmm/mh by time/monad-bayes sampler/15104",2.0406105734832303,2.0269010391405335,2.0525902626715613,1.9425419687655796e-2,0.0,2.0749430333072916e-2
"HMM.hmm/mh by time/monad-bayes sampler/22144",2.9943715787060152,2.980858333805015,3.0028796774722113,1.2828283765796727e-2,0.0,1.4736459338865929e-2
"HMM.hmm/mh by time/monad-bayes sampler/29184",3.9507650690948317,3.9485303806038297,3.951932209629911,1.9410542297843977e-3,0.0,2.021546706330677e-3
"HMM.hmm/mh by time/monad-bayes sampler/36224",4.883614624373389,4.874461568105022,4.888632111074639,8.03640649853778e-3,0.0,8.690541892864913e-3
"HMM.hmm/mh by time/monad-bayes sampler/43264",5.854441257482821,5.852147342205545,5.856521660448991,3.4334264357833164e-3,0.0,3.6033636376256077e-3
"HMM.hmm/mh by time/monad-bayes sampler/50304",6.801916691400359,6.7848261808546395,6.813203405184979,1.69323511651599e-2,0.0,1.9549161725448284e-2
"HMM.hmm/mh by time/monad-bayes sampler/57344",7.773010595178087,7.73378727420769,7.797185582726752,3.6623315878735845e-2,0.0,4.1872306706634534e-2
"HMM.hmm/mh by time/monad-bayes sampler/64384",8.726499304648838,8.707095213705008,8.736909199459939,1.6938078852106582e-2,0.0,1.8030466714276404e-2
"HMM.hmm/mh by time/random-fu sampler/1024",0.13943454386639784,0.13908069904742948,0.13991207821070045,9.727178466375798e-4,7.300475086037663e-4,1.343986574822822e-3
"HMM.hmm/mh by time/random-fu sampler/8064",1.0928310833870563,1.091756212806726,1.0948303301159379,2.122269539888753e-3,1.4180241524454918e-4,2.9436543162277193e-3
"HMM.hmm/mh by time/random-fu sampler/15104",2.0557736720391375,2.0455316918071493,2.062750949637976,1.0473101177540928e-2,0.0,1.2084999299700368e-2
"HMM.hmm/mh by time/random-fu sampler/22144",3.005566158927263,2.9891599321042173,3.0157235676277288,1.5370316835198185e-2,0.0,1.7593147942448824e-2
"HMM.hmm/mh by time/random-fu sampler/29184",3.9466930159844575,3.937733330104225,3.9529892303291567,9.481551772722785e-3,0.0,1.0905363140363734e-2
"HMM.hmm/mh by time/random-fu sampler/36224",4.907434363732962,4.901029872136503,4.91360410909011,1.0488928312580994e-2,0.0,1.0686312428342557e-2
"HMM.hmm/mh by time/random-fu sampler/43264",5.8806095237336775,5.854022897138088,5.894073168638844,2.3030363675118393e-2,0.0,2.331971703081352e-2
"HMM.hmm/mh by time/random-fu sampler/50304",6.817341520205363,6.80794301810302,6.826205560073634,1.4911675772535762e-2,0.0,1.5352967412163115e-2
"HMM.hmm/mh by time/random-fu sampler/57344",7.766793048483343,7.749299601707581,7.776116122960327,1.5248119073298975e-2,0.0,1.6148038676885235e-2
"HMM.hmm/mh by time/random-fu sampler/64384",8.723500903982936,8.688080553206794,8.75166144478206,4.386162527596895e-2,0.0,4.877548743269962e-2
"DPmixture.dpMem/importance/monad-bayes sampler/1024",0.12975036854986885,0.12915983135424206,0.13018302238109464,1.1780253177770838e-3,9.198784659555517e-4,1.4357210772080963e-3
"DPmixture.dpMem/importance/monad-bayes sampler/8064",1.0385763837310122,1.0348502070160117,1.0427802610237025,5.362974032764545e-3,3.1294161378409313e-3,7.55233810576904e-3
"DPmixture.dpMem/importance/monad-bayes sampler/15104",1.9327192891495288,1.9236781937315395,1.937369133093362,8.862020041221124e-3,4.24983952982474e-4,1.073835461064706e-2
"DPmixture.dpMem/importance/monad-bayes sampler/22144",2.844215793372129,2.8349432858069794,2.850697849171874,9.754353550524043e-3,0.0,1.122724998265472e-2
"DPmixture.dpMem/importance/monad-bayes sampler/29184",3.737406552651734,3.7249393611403083,3.749688170008548,2.1113508370789087e-2,0.0,2.127238526112142e-2
"DPmixture.dpMem/importance/monad-bayes sampler/36224",4.655980944954957,4.6279190808038715,4.672520353256164,2.5440779105562118e-2,0.0,2.8647095504817362e-2
"DPmixture.dpMem/importance/monad-bayes sampler/43264",5.566449375065953,5.56245799835479,5.5692897046604415,4.285917106054252e-3,0.0,4.919595167895152e-3
"DPmixture.dpMem/importance/monad-bayes sampler/50304",6.45587246776158,6.418062715708776,6.477173965682976,3.3524277490931606e-2,0.0,3.689527667718054e-2
"DPmixture.dpMem/importance/monad-bayes sampler/57344",7.364529457179053,7.349434576473512,7.37483980309102,1.5478836900660752e-2,0.0,1.7858042963137623e-2
"DPmixture.dpMem/importance/monad-bayes sampler/64384",8.269529655288471,8.252593133206949,8.283532189154739,2.2153733692712133e-2,0.0,2.4253100091078256e-2
"DPmixture.dpMem/importance/random-fu sampler/1024",0.18204174082282812,0.1807309089910582,0.18288927425406484,2.124644103385121e-3,1.1603553651050723e-3,3.624393670836886e-3
"DPmixture.dpMem/importance/random-fu sampler/8064",1.453262269200367,1.4217859671823452,1.4765818077447141,3.1793105989630956e-2,1.7731800239949014e-2,4.3704812103265905e-2
"DPmixture.dpMem/importance/random-fu sampler/15104",2.735250212454975,2.6785015047075027,2.7800507178369878,6.959653693691849e-2,0.0,7.759675152640984e-2
"DPmixture.dpMem/importance/random-fu sampler/22144",4.0646410987332855,3.9833748767099784,4.107223237209005,7.062108399024525e-2,0.0,7.375442733487926e-2
"DPmixture.dpMem/importance/random-fu sampler/29184",5.288855706956501,5.122558863209098,5.381810593171299,0.1469914312676763,0.0,0.16100258573581328
"DPmixture.dpMem/importance/random-fu sampler/36224",6.567227190483429,6.461087625707852,6.632041503448824,9.844090305587794e-2,0.0,0.11226168311373502
"DPmixture.dpMem/importance/random-fu sampler/43264",7.936526348066074,7.847644981138372,7.998076289422149,9.251736804949671e-2,0.0,0.10660762563160549
"DPmixture.dpMem/importance/random-fu sampler/50304",9.313426974593837,9.174462834104547,9.416815941294296,0.15757656203203027,0.0,0.17907494326724493
"DPmixture.dpMem/importance/random-fu sampler/57344",10.469755133595065,10.299298094472404,10.583070392340696,0.16997495669042242,0.0,0.19626778542024784
"DPmixture.dpMem/importance/random-fu sampler/64384",11.657344325012184,11.5480397917103,11.805542941472844,0.1330846734713616,0.0,0.148669512832581
"DPmixture.dpMem/smc/monad-bayes sampler/1024",0.9085660995504153,0.9051046089885939,0.912239435169111,4.944591199719894e-3,3.5458039095619346e-3,6.745411982431784e-3
"DPmixture.dpMem/smc/monad-bayes sampler/8064",7.275378972788448,7.267753133708003,7.280154696170036,7.2081889121452004e-3,0.0,8.271795539805981e-3
"DPmixture.dpMem/smc/monad-bayes sampler/15104",13.644077003316768,13.634029339104659,13.652056544184363,1.2423469549081268e-2,0.0,1.3820970203748643e-2
"DPmixture.dpMem/smc/monad-bayes sampler/22144",20.13230824992966,20.106335667102673,20.15552547071981,3.8052313165162596e-2,0.0,4.0213406019082416e-2
"DPmixture.dpMem/smc/monad-bayes sampler/29184",26.54050730303942,26.481419316806697,26.57730454500583,5.560601727965723e-2,0.0,6.373469266423011e-2
"DPmixture.dpMem/smc/monad-bayes sampler/36224",32.872175211786896,32.81954006220386,32.90617429116972,5.10773319956902e-2,0.0,5.8888132901621974e-2
"DPmixture.dpMem/smc/monad-bayes sampler/43264",39.26845064256558,39.247913620353486,39.28789216816039,3.2766212999112206e-2,0.0,3.3673710106848734e-2
"DPmixture.dpMem/smc/monad-bayes sampler/50304",45.63375664315098,45.60129693420951,45.649460830115665,2.8155132131933366e-2,0.0,2.9021415371162727e-2
"DPmixture.dpMem/smc/monad-bayes sampler/57344",52.115248866373115,52.10047680620975,52.12402481090549,1.3455373674659482e-2,0.0,1.520038181447818e-2
"DPmixture.dpMem/smc/monad-bayes sampler/64384",58.49515824048398,58.40633331660748,58.54598904799442,7.929789887005691e-2,0.0,8.80415411978259e-2
"DPmixture.dpMem/smc/random-fu sampler/1024",0.6431222487607979,0.6415863194371592,0.644983987039056,2.591653009737089e-3,1.694474518018296e-3,4.185401529848859e-3
"DPmixture.dpMem/smc/random-fu sampler/8064",5.100404909650142,5.091241564105718,5.1068715049944515,9.744309831900727e-3,0.0,1.1200471688330854e-2
"DPmixture.dpMem/smc/random-fu sampler/15104",9.477542375287882,9.47378350235404,9.48009236907125,3.8267046307934247e-3,0.0,4.416718791777185e-3
"DPmixture.dpMem/smc/random-fu sampler/22144",13.886125628152024,13.8703629411054,13.898404561854202,1.898409654496869e-2,0.0,2.1267737034942676e-2
"DPmixture.dpMem/smc/random-fu sampler/29184",18.265896795958138,18.24927027021241,18.27648686748962,1.5936929998955813e-2,0.0,1.83425419483151e-2
"DPmixture.dpMem/smc/random-fu sampler/36224",22.628374699706825,22.612096849710188,22.637454806072103,1.4377019916325269e-2,0.0,1.572720556279165e-2
"DPmixture.dpMem/smc/random-fu sampler/43264",26.995554735677832,26.986305161356274,27.001040903627786,8.416873565826072e-3,0.0,9.502321628167809e-3
"DPmixture.dpMem/smc/random-fu sampler/50304",31.430943879704618,31.412503066703184,31.458548242806753,2.4351951635097943e-2,0.0,2.6584194818279002e-2
"DPmixture.dpMem/smc/random-fu sampler/57344",35.77380354814999,35.74642695970889,35.79058658111445,2.5461831572809433e-2,0.0,2.906906579953439e-2
"DPmixture.dpMem/smc/random-fu sampler/64384",40.22822532245676,40.17404186721016,40.27729932983848,8.093744947328833e-2,0.0,8.499867411614385e-2
"DPmixture.dpMem/mh by time/monad-bayes sampler/1024",0.5192563316501736,0.5178946100777448,0.5209812000858203,2.4843527118869353e-3,1.449016689250349e-3,3.9124519621062635e-3
"DPmixture.dpMem/mh by time/monad-bayes sampler/8064",3.5940472788981803,3.5874462061361623,3.599384804254298,8.368066561012962e-3,0.0,9.244865103483952e-3
"DPmixture.dpMem/mh by time/monad-bayes sampler/15104",5.777225313290543,5.768175813804441,5.783448295806867,9.34751473289317e-3,0.0,1.0778521892884241e-2
"DPmixture.dpMem/mh by time/monad-bayes sampler/22144",8.556942492984508,8.54277799510483,8.563221984329266,1.2500981079327823e-2,0.0,1.3657231936496251e-2
"DPmixture.dpMem/mh by time/monad-bayes sampler/29184",10.762723966760674,10.759632010206962,10.764577302848693,2.8320250553761886e-3,0.0,3.210072267949855e-3
"DPmixture.dpMem/mh by time/monad-bayes sampler/36224",12.967208890205072,12.951165213106565,12.996979436703816,2.5808060341744092e-2,0.0,2.6450854326586545e-2
"DPmixture.dpMem/mh by time/monad-bayes sampler/43264",15.785106434651645,15.77235287813856,15.792536797473325,1.1488266480301048e-2,0.0,1.2869765925822028e-2
"DPmixture.dpMem/mh by time/monad-bayes sampler/50304",18.29867043112277,18.293617056354112,18.302145672273067,5.22017582431743e-3,0.0,6.019294240869981e-3
"DPmixture.dpMem/mh by time/monad-bayes sampler/57344",20.76007980409356,20.75153593746982,20.765347337172454,7.979299012320204e-3,0.0,9.123634923188186e-3
"DPmixture.dpMem/mh by time/monad-bayes sampler/64384",22.773543356648503,22.76532307670769,22.780640537124757,1.1444712778447753e-2,0.0,1.229267717535832e-2
"DPmixture.dpMem/mh by time/random-fu sampler/1024",0.21993274809274987,0.21945139447161327,0.22075122767247907,1.2277609099389955e-3,7.560630309741347e-4,1.971924933877004e-3
"DPmixture.dpMem/mh by time/random-fu sampler/8064",2.3057027542590904,2.302376738703434,2.307675106848846,3.0262241360062103e-3,0.0,3.4162148958960283e-3
"DPmixture.dpMem/mh by time/random-fu sampler/15104",4.032955728428348,4.020561928605008,4.044958760629954,2.0459844942223603e-2,0.0,2.0789861618066074e-2
"DPmixture.dpMem/mh by time/random-fu sampler/22144",6.951593126565985,6.932276900207772,6.9689643678759206,2.855290809365221e-2,0.0,3.0087872539347436e-2
"DPmixture.dpMem/mh by time/random-fu sampler/29184",9.68080933615169,9.642760322141482,9.708041075341052,4.113421375812157e-2,0.0,4.7166755854441585e-2
"DPmixture.dpMem/mh by time/random-fu sampler/36224",12.38967795839958,12.366019538208468,12.407080295709294,2.644481720415064e-2,0.0,3.0141732390873706e-2
"DPmixture.dpMem/mh by time/random-fu sampler/43264",14.052814450956063,13.99919422920849,14.091095289154586,5.779744287959597e-2,0.0,6.630435671616436e-2
"DPmixture.dpMem/mh by time/random-fu sampler/50304",16.03348570498112,15.96895568613485,16.08530242900498,8.101554414849961e-2,0.0,8.974919869109432e-2
"DPmixture.dpMem/mh by time/random-fu sampler/57344",17.956326249481123,17.909724340137114,17.993421636636665,5.780467778446134e-2,0.0,6.425109527983082e-2
"DPmixture.dpMem/mh by time/random-fu sampler/64384",20.90924884631903,20.873898384140322,20.927136015807516,3.0621000035129728e-2,0.0,3.0981486357650564e-2
